permit_id,source_dataset,address,lat,lon,storeys_guess,height_guess_m,status_raw,status_mapped,decision_date,description,url,node,status_reason,dwellings
640711594-002,2ccn-pwtu Development Permits,10330 - 100 AVENUE NW,53.539167,-113.498716,35,,"Approved (Major Development Permit, Permitted Development)",approved,2026-07-20,"To construct a 35 Storey Mixed Use building with 275 Dwellings of Multi-unit Housing, main floor General Retail Stores Use, and 3 Storeys of underground parking (Falcon Tower Two).",https://data.edmonton.ca/resource/2ccn-pwtu.json?city_file_number=640711594-002,Downtown Core,"DP approved 2026-07-20, no building permit yet",275
343021915-002,2ccn-pwtu Development Permits,10410 - 103 AVENUE NW,53.544845,-113.499763,26,82.8,"In Progress (Major Development Permit, Not Available)",proposed,,"To construct and operate a 26 Storey (82.8 m high) mixed Use building with General Retail Stores, Professional, Financial and Office Support Services (leasing office) and Residential lobby on the main floor podium; with a Multi-unit Housing Tower (with 290 Dwellings); and to demolish the existing Commercial building on Site. (The Clancy)",https://data.edmonton.ca/resource/2ccn-pwtu.json?city_file_number=343021915-002,Downtown Core,DP application in progress,290
493669379-002,2ccn-pwtu Development Permits,10020 - 101A AVENUE NW,53.542496,-113.491811,10,,"Approved (Major Development Permit, Discretionary Development)",approved,2024-02-08,"To convert a portion of an existing mixed-use Commercial Use Office building to a Residential Use in the form of a Multi-unit Housing (3/F: Amenity Area and 4/F to 10/F: 91 Dwellings), and to construct interior and exterior alterations (The Phipps-McKinnon Building).",https://data.edmonton.ca/resource/2ccn-pwtu.json?city_file_number=493669379-002,Downtown Core,"DP approved 2024-02-08, no building permit yet",91
182643777-002,2ccn-pwtu Development Permits,10508 - 105 STREET NW,53.54848,-113.501608,10,,"In Progress (Major Development Permit, Not Available)",proposed,,To Construct a Hotel (10 Storeys) and demolish the existing Commercial Building,https://data.edmonton.ca/resource/2ccn-pwtu.json?city_file_number=182643777-002,Downtown Core,DP application in progress,
359740018-002,2ccn-pwtu Development Permits,10722 - JASPER AVENUE NW,53.541533,-113.505987,5,,"Approved (Major Development Permit, Discretionary Development)",construction,2021-03-18,"To construct a Multi-unit Housing building (podium with 2 apartment towers) with a total of 941 Dwellings, General Retail Stores on the main floor and second floor, and 5 Storeys of Underground Parkade (The Parks), and to demolish the existing buildings.",https://data.edmonton.ca/resource/2ccn-pwtu.json?city_file_number=359740018-002,Downtown Core,building permit issued 2022-01-04,941
609349243-002,2ccn-pwtu Development Permits,9929 - 103 STREET NW,53.538249,-113.496875,2,,"In Progress (Major Development Permit, Discretionary Development)",proposed,,"To Change of Use of a Commercial building into a 9 Dwelling Multi-unit Housing Residential Use building and to construct Interior Alterations  [3 filings at this address: 353841479-002, 185518810-001, 609349243-002]",https://data.edmonton.ca/resource/2ccn-pwtu.json?city_file_number=609349243-002,Downtown Core,DP application in progress,15
REZ-DC-21176-220993,67p2-r285 Zoning Bylaw Map - History,"(rezoned parcel, 53.54069, -113.49217)",53.540692,-113.492172,,,rezoning adopted: DC1 -> DC,proposed,2025-06-16,Rezoned to DC (parcel ≈ 1373 m²); first on the zoning map 2025-06-16.,https://zoningbylaw.edmonton.ca/dc-21176,Downtown Core,"rezoning adopted, no DP found on the site",
REZ-UW-167208,67p2-r285 Zoning Bylaw Map - History,"(rezoned parcel, 53.54255, -113.50337)",53.54255,-113.503372,,,rezoning adopted: DC2 (889) -> UW,proposed,2023-06-05,Rezoned to UW (parcel ≈ 1105 m²); first on the zoning map 2023-06-05.,https://zoningbylaw.edmonton.ca/part-3-special-area-zones/downtown-special-area/324-uw-urban-warehouse-zone,Downtown Core,"rezoning adopted, no DP found on the site",
641154641-002,2ccn-pwtu Development Permits,10010 - 106 STREET NW,53.539023,-113.503441,,,"Approved (Major Development Permit, Discretionary Development)",approved,2026-04-01,"To convert an existing Office building to Residential Use (108 Dwellings of Multi-unit Housing), and to construct interior and exterior alterations.",https://data.edmonton.ca/resource/2ccn-pwtu.json?city_file_number=641154641-002,Downtown Core,"DP approved 2026-04-01, no building permit yet",108
326906292-013,2ccn-pwtu Development Permits,10027 - 104 STREET NW,53.539577,-113.498719,,,"Approved (Major Development Permit, Discretionary Development)",construction,2021-02-09,"To construct interior / exterior alterations (reducing the # of Storeys from 38 to 29, reducing the # of Dwellings from 304 to 240, and reducing the # of underground parking levels from 7 to 5) to an Apartment House / General Retail Store building (Falcon Tower One)",https://data.edmonton.ca/resource/2ccn-pwtu.json?city_file_number=326906292-013,Downtown Core,building permit issued 2021-12-09,
583643528-002,2ccn-pwtu Development Permits,10123 - 106 STREET NW,53.541875,-113.502387,,,"Approved (Major Development Permit, Permitted Development)",approved,2025-11-04,"To construct a Residential building (201 Dwellings of Multi-unit Housing), with an underground parkade.",https://data.edmonton.ca/resource/2ccn-pwtu.json?city_file_number=583643528-002,Downtown Core,"DP approved 2025-11-04, no building permit yet",201
580337331-002,2ccn-pwtu Development Permits,10154 - 108 STREET NW,53.541947,-113.507117,,,"Approved (Major Development Permit, Permitted Development)",approved,2025-11-25,To construct a Residential building (239 Dwellings of Multi-unit Housing) with an underground parkade.,https://data.edmonton.ca/resource/2ccn-pwtu.json?city_file_number=580337331-002,Downtown Core,"DP approved 2025-11-25, no building permit yet",239
527327156-002,2ccn-pwtu Development Permits,10163 - 108 STREET NW,53.542496,-113.506059,,,"Approved (Major Development Permit, Discretionary Development)",approved,2025-02-24,"To construct a 54 Dwelling Residential Use building in the form of Multi-unit Housing with a main floor Food and Drink Service Use, and an underground Parkade.",https://data.edmonton.ca/resource/2ccn-pwtu.json?city_file_number=527327156-002,Downtown Core,"DP approved 2025-02-24, no building permit yet",54
500496662-002,2ccn-pwtu Development Permits,10164 - 108 STREET NW,53.542615,-113.507117,,,"Approved (Major Development Permit, Permitted Development)",approved,2024-09-25,"To construct a Residential Use building in the form of a 137 Dwelling Multi-unit Housing with Ground Floor Indoor Sales and Service Use, and to demolish the existing Commercial Use Buildings.",https://data.edmonton.ca/resource/2ccn-pwtu.json?city_file_number=500496662-002,Downtown Core,"DP approved 2024-09-25, no building permit yet",137
451087486-002,2ccn-pwtu Development Permits,10201 - JASPER AVENUE NW,53.540581,-113.496056,,,"Approved (Major Development Permit, Permitted Development)",construction,2022-11-18,"To construct exterior and interior alterations to a Multi-unit Housing building (remove one entrance abutting 102 Street NW and add four new windows on the South Facade), and to remove 12 Dwellings (a total of 250 Dwellings).",https://data.edmonton.ca/resource/2ccn-pwtu.json?city_file_number=451087486-002,Downtown Core,building permit issued 2023-04-05,250
454482517-002,2ccn-pwtu Development Permits,10209 - 100 AVENUE NW,53.538456,-113.496092,,,"Approved (Major Development Permit, Discretionary Development)",stalled,2023-06-21,To construct a 208 Dwelling Multi-unit Housing (apartment) building with an existing underground parkade (Sedona).,https://data.edmonton.ca/resource/2ccn-pwtu.json?city_file_number=454482517-002,Downtown Core,"DP approved 2023-06-21, no building permit since (> 3 y)",208
396115771-002,2ccn-pwtu Development Permits,10303 - 98 AVENUE NW,53.535341,-113.497932,,,"Other (Major Development Permit, Discretionary Development)",unknown,2021-08-27,To construct a 68 Dwelling Multi-unit Housing building with an underground parkade.,https://data.edmonton.ca/resource/2ccn-pwtu.json?city_file_number=396115771-002,Downtown Core,"DP status 'Other' (withdrawn, cancelled or expired; portal does not say which)",68
640132008-002,2ccn-pwtu Development Permits,10314 - 106 STREET NW,53.54519,-113.503436,,,"Approved (Major Development Permit, Discretionary Development)",approved,2026-04-16,To construct 4 Residential buildings (Multi-unit Housing for a total of 696 Dwellings) with a common underground parkade. The project includes the incorporation of the historic Massey Ferguson facades within the south building.,https://data.edmonton.ca/resource/2ccn-pwtu.json?city_file_number=640132008-002,Downtown Core,"DP approved 2026-04-16, no building permit yet",696
474523140-002,2ccn-pwtu Development Permits,10621 - 100 AVENUE NW,53.538463,-113.504223,,,"Approved (Major Development Permit, Permitted Development)",approved,2025-01-13,To add 33 Dwellings to an existing mixed-use Multi-unit Housing building (total of 111 Dwellings) and to construct exterior and interior alterations (RMS Financial Building).,https://data.edmonton.ca/resource/2ccn-pwtu.json?city_file_number=474523140-002,Downtown Core,"DP approved 2025-01-13, no building permit yet",111
387338041-002,2ccn-pwtu Development Permits,9745 - 106 STREET NW,53.535241,-113.502387,,,"Approved (Major Development Permit, Discretionary Development)",stalled,2021-06-16,"To construct a 4 Dwelling to an existing Multi-unit Housing (total of 20 Dwellings), existing without permits",https://data.edmonton.ca/resource/2ccn-pwtu.json?city_file_number=387338041-002,Downtown Core,"DP approved 2021-06-16, no building permit since (> 3 y)",20
349481394-002,2ccn-pwtu Development Permits,9826 - 103 STREET NW,53.536539,-113.497933,,,"In Progress (Major Development Permit, Not Available)",proposed,,To construct a Residential building (8 Dwellings of Multi-unit Housing).,https://data.edmonton.ca/resource/2ccn-pwtu.json?city_file_number=349481394-002,Downtown Core,DP application in progress,
REZ-DC1-19860-167448,67p2-r285 Zoning Bylaw Map - History,"(rezoned parcel, 53.54486, -113.49878)",53.54486,-113.498777,,,rezoning adopted: HA -> DC1,proposed,2022-05-02,Rezoned to DC1 (parcel ≈ 3515 m²); first on the zoning map 2022-05-02. Exception site: Ice District.,https://zoningbylaw.edmonton.ca/dc1-19860,Ice District,"rezoning adopted, no DP found on the site",
385285059-002,2ccn-pwtu Development Permits,10116 - 105 AVENUE NW,53.547933,-113.49442,,,"Approved (Major Development Permit, Discretionary Development)",stalled,2021-07-26,To construct exterior and interior alterations to an existing Health Services Use building (entrance and reception renovation). (Boyle Street Community Services),https://data.edmonton.ca/resource/2ccn-pwtu.json?city_file_number=385285059-002,Ice District,"DP approved 2021-07-26, no building permit since (> 3 y)",
479708637-002,2ccn-pwtu Development Permits,10120 - 103 AVENUE NW,53.545044,-113.494634,,,"Approved (Major Development Permit, Discretionary Development)",approved,2023-09-29,"To construct an Addition (Annex) to a Professional, Financial, Office Support Service building and construct exterior alterations (new windows) and site alterations (new court yard, landscaping alterations).",https://data.edmonton.ca/resource/2ccn-pwtu.json?city_file_number=479708637-002,Ice District,"DP approved 2023-09-29, no building permit yet",
451843020-002,2ccn-pwtu Development Permits,10220 - 103 AVENUE NW,53.545373,-113.496887,,,"Approved (Major Development Permit, Permitted Development)",stalled,2022-11-22,To construct exterior and interior alterations to an existing mixed Use building (revision of exterior exit corridors and adding new exit doors by removing 2 existing glass panes and replacing with 2 exit doors on the main level of the west elevation). (Stantec Tower),https://data.edmonton.ca/resource/2ccn-pwtu.json?city_file_number=451843020-002,Ice District,"DP approved 2022-11-22, no building permit since (> 3 y)",
395066341-002,2ccn-pwtu Development Permits,10220 - 104 AVENUE NW,53.546758,-113.497353,,,"Approved (Major Development Permit, Permitted Development)",construction,2021-05-21,"To construct exterior (removal of a door and glazing and replace with an overhead glazing door) and interior alterations and to renovate and operate a portion of the event level 1 (ground floor) that is a General Retail Store in Ford Hall, adjacent to the Ice District Plaza main entrance to Rogers Place to create a room to park a Zamboni (ice resurfacer) to be used to maintain the ice rink in the plaza.",https://data.edmonton.ca/resource/2ccn-pwtu.json?city_file_number=395066341-002,Ice District,building permit issued 2022-07-18,
400008826-002,2ccn-pwtu Development Permits,10255 - 104 AVENUE NW,53.545903,-113.496913,,,"Approved (Major Development Permit, Permitted Development)",stalled,2021-07-08,To construct exterior and interior alterations and to continue to operate an existing General Retail Store. (Oilers Retail Store),https://data.edmonton.ca/resource/2ccn-pwtu.json?city_file_number=400008826-002,Ice District,"DP approved 2021-07-08, no building permit since (> 3 y)",
655770701-002,2ccn-pwtu Development Permits,10305 - 104 AVENUE NW,53.545587,-113.497396,,,"Approved (Major Development Permit, Permitted Development)",approved,2026-09-02,To construct a Residential Tower (386 Dwellings of Multi-unit Housing) atop an existing podium.,https://data.edmonton.ca/resource/2ccn-pwtu.json?city_file_number=655770701-002,Ice District,"DP approved 2026-09-02, no building permit yet",386
673041335-002,2ccn-pwtu Development Permits,10004 - 112 STREET NW,53.539157,-113.514479,33,,"In Progress (Major Development Permit, Not Available)",proposed,,"To construct a Residential building (131 Dwellings of Multi-unit Housing) with an underground parkade.  [2 filings at this address: 353537386-002, 673041335-002]",https://data.edmonton.ca/resource/2ccn-pwtu.json?city_file_number=673041335-002,Wîhkwêntôwin,DP application in progress,310
460162731-002,2ccn-pwtu Development Permits,10318 - 116 STREET NW,53.544926,-113.521827,6,,"Approved (Major Development Permit, Discretionary Development)",construction,2023-04-27,"To construct a 6-Storey 94 Dwelling Multi-unit Housing (apartment) building with ground-level Professional, Financial and Office Support Services and an underground parkade, and to demolish 3 existing Multi-unit Housing buildings.",https://data.edmonton.ca/resource/2ccn-pwtu.json?city_file_number=460162731-002,Wîhkwêntôwin,building permit issued 2023-09-11,94
REZ-DC1-19863-167462,67p2-r285 Zoning Bylaw Map - History,"(rezoned parcel, 53.53771, -113.51442)",53.537706,-113.51442,,,rezoning adopted: RF6 -> DC1,proposed,2021-11-01,Rezoned to DC1 (parcel ≈ 920 m²); first on the zoning map 2021-11-01.,https://zoningbylaw.edmonton.ca/dc1-19863,Wîhkwêntôwin,"rezoning adopted, no DP found on the site",
REZ-DC-20933-202983,67p2-r285 Zoning Bylaw Map - History,"(rezoned parcel, 53.53812, -113.51441)",53.538117,-113.514414,,,rezoning adopted: DC2 -> DC,proposed,2024-09-16,Rezoned to DC (parcel ≈ 943 m²); first on the zoning map 2024-09-16.,https://zoningbylaw.edmonton.ca/dc-20933,Wîhkwêntôwin,"rezoning adopted, no DP found on the site",
REZ-RM-369095,67p2-r285 Zoning Bylaw Map - History,"(rezoned parcel, 53.53924, -113.51165)",53.53924,-113.51165,,28.0,rezoning adopted: DC2 (1089) -> RM h28,proposed,2026-03-30,Rezoned to RM h28 (parcel ≈ 5369 m²); first on the zoning map 2026-03-30.,https://zoningbylaw.edmonton.ca/part-2-standard-zones-and-overlays/residential-zones/240-rm-medium-scale-residential-zone,Wîhkwêntôwin,"rezoning adopted, no DP found on the site",
REZ-DC-20932-207783,67p2-r285 Zoning Bylaw Map - History,"(rezoned parcel, 53.53954, -113.52358)",53.539539,-113.523577,,,rezoning adopted: DC1 -> DC,proposed,2024-10-07,Rezoned to DC (parcel ≈ 76667 m²); first on the zoning map 2024-10-07.,https://zoningbylaw.edmonton.ca/dc-20932,Wîhkwêntôwin,"rezoning adopted, no DP found on the site",
REZ-MU-262397,67p2-r285 Zoning Bylaw Map - History,"(rezoned parcel, 53.54016, -113.51992)",53.540159,-113.519923,,85.0,rezoning adopted: DC (20989) -> MU h85 f11,proposed,2025-06-23,Rezoned to MU h85 f11 (parcel ≈ 2984 m²); first on the zoning map 2025-06-23.,https://zoningbylaw.edmonton.ca/part-2-standard-zones-and-overlays/mixed-use-zones/280-mu-mixed-use-zone,Wîhkwêntôwin,"rezoning adopted, no DP found on the site",
REZ-DC-20932-173298,67p2-r285 Zoning Bylaw Map - History,"(rezoned parcel, 53.54049, -113.53016)",53.54049,-113.530164,,,rezoning adopted: /DC1 -> DC,proposed,2024-10-07,Rezoned to DC (parcel ≈ 6015 m²); first on the zoning map 2024-10-07.,https://zoningbylaw.edmonton.ca/dc-20932,Wîhkwêntôwin,"rezoning adopted, no DP found on the site",
REZ-DC-21522-359895,67p2-r285 Zoning Bylaw Map - History,"(rezoned parcel, 53.54123, -113.51888)",53.541231,-113.518877,,,rezoning adopted: DC2 (1214) -> DC,proposed,2026-06-22,Rezoned to DC (parcel ≈ 7809 m²); first on the zoning map 2026-06-22.,https://zoningbylaw.edmonton.ca/dc-21522,Wîhkwêntôwin,"rezoning adopted, no DP found on the site",
REZ-DC1-20538-167509,67p2-r285 Zoning Bylaw Map - History,"(rezoned parcel, 53.54189, -113.52084)",53.541885,-113.520837,,,rezoning adopted: RA9 -> DC1,proposed,2023-07-17,Rezoned to DC1 (parcel ≈ 923 m²); first on the zoning map 2023-07-17.,https://zoningbylaw.edmonton.ca/dc1-20538,Wîhkwêntôwin,"rezoning adopted, no DP found on the site",
REZ-RM-262395,67p2-r285 Zoning Bylaw Map - History,"(rezoned parcel, 53.54227, -113.53158)",53.542266,-113.53158,,28.0,rezoning adopted: DC (20989) -> RM h28,proposed,2025-06-23,Rezoned to RM h28 (parcel ≈ 11389 m²); first on the zoning map 2025-06-23.,https://zoningbylaw.edmonton.ca/part-2-standard-zones-and-overlays/residential-zones/240-rm-medium-scale-residential-zone,Wîhkwêntôwin,"rezoning adopted, no DP found on the site",
REZ-MU-191184,67p2-r285 Zoning Bylaw Map - History,"(rezoned parcel, 53.54287, -113.52604)",53.542873,-113.52604,,23.0,rezoning adopted: RM -> MU h23 f3,proposed,2024-07-08,Rezoned to MU h23 f3 (parcel ≈ 608 m²); first on the zoning map 2024-07-08.,https://zoningbylaw.edmonton.ca/part-2-standard-zones-and-overlays/mixed-use-zones/280-mu-mixed-use-zone,Wîhkwêntôwin,"rezoning adopted, no DP found on the site",
REZ-RL-272896,67p2-r285 Zoning Bylaw Map - History,"(rezoned parcel, 53.54541, -113.52083)",53.545407,-113.520833,,65.0,rezoning adopted: DC1 (19855) -> RL h65,proposed,2024-02-26,Rezoned to RL h65 (parcel ≈ 3141 m²); first on the zoning map 2024-02-26.,https://zoningbylaw.edmonton.ca/part-2-standard-zones-and-overlays/residential-zones/250-rl-large-scale-residential-zone,Wîhkwêntôwin,"rezoning adopted, no DP found on the site",
REZ-DC2-1177-272818,67p2-r285 Zoning Bylaw Map - History,"(rezoned parcel, 53.54582, -113.51343)",53.54582,-113.513429,,,rezoning adopted: DC1 (18099) -> DC2,proposed,2021-09-20,Rezoned to DC2 (parcel ≈ 4017 m²); first on the zoning map 2021-09-20.,https://zoningbylaw.edmonton.ca/dc2-1177,Wîhkwêntôwin,"rezoning adopted, no DP found on the site",
463489487-002,2ccn-pwtu Development Permits,10015 - 113 STREET NW,53.539157,-113.515261,,,"Approved (Major Development Permit, Discretionary Development)",construction,2023-03-23,"To construct a 95 Dwelling Multi-unit Housing (apartment) building with an underground parkade.  [2 filings at this address: 372376034-002, 463489487-002]",https://data.edmonton.ca/resource/2ccn-pwtu.json?city_file_number=463489487-002,Wîhkwêntôwin,building permit issued 2023-09-13,95
362851822-002,2ccn-pwtu Development Permits,10035 - 115 STREET NW,53.540015,-113.51915,,,"Other (Major Development Permit, Discretionary Development)",unknown,2021-01-14,To construct a 352 Dwelling Multi-unit Housing building with underground parkade (Edmonton Motors Phase 1 - Area A).,https://data.edmonton.ca/resource/2ccn-pwtu.json?city_file_number=362851822-002,Wîhkwêntôwin,"DP status 'Other' (withdrawn, cancelled or expired; portal does not say which)",352
461919270-002,2ccn-pwtu Development Permits,10135 - 118 STREET NW,53.541956,-113.52445,,,"Other (Major Development Permit, Permitted Development)",unknown,2024-01-15,To construct a Multi-unit Housing building (101 Dwellings) with an underground parkade.,https://data.edmonton.ca/resource/2ccn-pwtu.json?city_file_number=461919270-002,Wîhkwêntôwin,"DP status 'Other' (withdrawn, cancelled or expired; portal does not say which)",101
631109821-007,2ccn-pwtu Development Permits,10207 - 115 STREET NW,53.543269,-113.518933,,,"Approved (Major Development Permit, Permitted Development)",approved,2026-03-24,To add one (1) Dwelling to an existing Residential Use building in the form of Multi-unit Housing (total 21 Dwellings) and to construct interior alterations.,https://data.edmonton.ca/resource/2ccn-pwtu.json?city_file_number=631109821-007,Wîhkwêntôwin,"DP approved 2026-03-24, no building permit yet",21
508606638-002,2ccn-pwtu Development Permits,10219 - 112 STREET NW,53.54361,-113.513416,,,"In Progress (Major Development Permit, Not Available)",proposed,,To construct a Residential Use building in the form of a Multi-unit Housing (apartment with 30 Dwellings) with Commercial Uses on the main floor (161.28sm).,https://data.edmonton.ca/resource/2ccn-pwtu.json?city_file_number=508606638-002,Wîhkwêntôwin,DP application in progress,30
391153549-002,2ccn-pwtu Development Permits,10231 - 120 STREET NW,53.543648,-113.528127,,,"Approved (Major Development Permit, Discretionary Development)",construction,2021-09-21,To construct a 158 Dwelling Multi-unit Housing building with an underground parkade.,https://data.edmonton.ca/resource/2ccn-pwtu.json?city_file_number=391153549-002,Wîhkwêntôwin,building permit issued 2021-11-03,158
386491616-002,2ccn-pwtu Development Permits,10312 - 111 STREET NW,53.545196,-113.512633,,,"Approved (Major Development Permit, Discretionary Development)",construction,2021-06-16,To construct a 222 Dwelling Apartment House building with an Above Ground and Underground Parkade.,https://data.edmonton.ca/resource/2ccn-pwtu.json?city_file_number=386491616-002,Wîhkwêntôwin,building permit issued 2021-08-04,222
667385957-002,2ccn-pwtu Development Permits,10315 - 120 STREET NW,53.545203,-113.528127,,,"In Progress (Major Development Permit, Not Available)",proposed,,To construct a Residential Use building in the form of a Multi-unit Housing. Total of 30 Dwellings.,https://data.edmonton.ca/resource/2ccn-pwtu.json?city_file_number=667385957-002,Wîhkwêntôwin,DP application in progress,30
539084752-002,2ccn-pwtu Development Permits,10319 - 113 STREET NW,53.545196,-113.515253,,,"Approved (Major Development Permit, Discretionary Development)",approved,2025-06-11,"To construct a Residential building (Multi-unit Housing with 98 Dwellings), with an underground parkade, and to demolish the 2 existing Residential (Multi-unit Housing) buildings.",https://data.edmonton.ca/resource/2ccn-pwtu.json?city_file_number=539084752-002,Wîhkwêntôwin,"DP approved 2025-06-11, no building permit yet",98
551052981-002,2ccn-pwtu Development Permits,10540 - 112 STREET NW,53.549029,-113.51487,,,"In Progress (Major Development Permit, Not Available)",proposed,,"To construct 3 Residential Use buildings (total of 661 Dwellings of Multi-unit Housing, with 3 main floor General Retail Store spaces and a common underground parkade) and to develop a Park (Southeast corner of the Site).",https://data.edmonton.ca/resource/2ccn-pwtu.json?city_file_number=551052981-002,Wîhkwêntôwin,DP application in progress,661
373385231-002,2ccn-pwtu Development Permits,10563 - 116 STREET NW,53.549066,-113.520779,,,"Approved (Major Development Permit, Not Available)",construction,2021-02-05,"To construct a five (5) storey mixed use building (Business Support Services - main floor CRU 1&2, General Industrial Use - main floor office and second floor to fifth floor storage space, AFFORDABLE STORAGE).",https://data.edmonton.ca/resource/2ccn-pwtu.json?city_file_number=373385231-002,Wîhkwêntôwin,building permit issued 2022-05-13,
380401339-002,2ccn-pwtu Development Permits,11020 - JASPER AVENUE NW,53.54128,-113.51121,,,"Approved (Major Development Permit, Discretionary Development)",stalled,2021-03-02,"To construct exterior and interior alterations and an addition to a Mixed Use building (demolition of existing ground floor facade and interior commercial and lobby spaces. Construction of new 3m facade extension from existing south face of the building (additional 203m Commercial Use Floor Area), renovation of lobby space, renovation of existing commercial spaces to shell space, and to convert a portion of ground floor commercial to residential amenity space, renovation of and outdoor addition to second floor residential amenity space).",https://data.edmonton.ca/resource/2ccn-pwtu.json?city_file_number=380401339-002,Wîhkwêntôwin,"DP approved 2021-03-02, no building permit since (> 3 y)",
617134145-002,2ccn-pwtu Development Permits,11422 - 105 AVENUE NW,53.548752,-113.518939,,,"Approved (Major Development Permit, Discretionary Development)",approved,2026-04-23,"To construct a Residential Use in the form of Cluster Housing for a total of 62 Dwellings (6 total buildings -- one 14-Dwelling Multi-unit Housing building, two 12-Dwelling Multi-unit Housing buildings, and three 8-Dwelling Multi-unit Housing buildings).",https://data.edmonton.ca/resource/2ccn-pwtu.json?city_file_number=617134145-002,Wîhkwêntôwin,"DP approved 2026-04-23, no building permit yet",62
315143826-064,2ccn-pwtu Development Permits,10445 - 101 STREET NW,53.547702,-113.49212,12,,"Approved (Major Development Permit, Discretionary Development)",approved,2025-04-16,To construct alterations to a Residential development - adding 12 Storeys and 189 Multi-unit Housing Dwellings to the east Tower. The total number of Dwellings is increasing from 504 to 693. This is part of a Mixed Use development with 2 Residential Towers and main floor Indoor Sales and Services Use and a 3rd floor Minor Indoor Entertainment Use (fitness facility).,https://data.edmonton.ca/resource/2ccn-pwtu.json?city_file_number=315143826-064,Quarters/Boyle,"DP approved 2025-04-16, no building permit yet",
642947438-002,2ccn-pwtu Development Permits,9244 - JASPER AVENUE NW,53.547907,-113.476252,6,,"In Progress (Major Development Permit, Not Available)",proposed,,To construct a Residential Use building in the form of a 6-Storey 40 Dwelling Multi-Unit Housing.,https://data.edmonton.ca/resource/2ccn-pwtu.json?city_file_number=642947438-002,Quarters/Boyle,DP application in progress,40
REZ-DC-20908-204599,67p2-r285 Zoning Bylaw Map - History,"(rezoned parcel, 53.54279, -113.48438)",53.542789,-113.484379,,,rezoning adopted: DC1 -> DC,proposed,2024-08-26,Rezoned to DC (parcel ≈ 960 m²); first on the zoning map 2024-08-26. Exception site: The Quarters.,https://zoningbylaw.edmonton.ca/dc-20908,Quarters/Boyle,"rezoning adopted, no DP found on the site",
REZ-MU-189202,67p2-r285 Zoning Bylaw Map - History,"(rezoned parcel, 53.54326, -113.48322)",53.543255,-113.483223,,23.0,rezoning adopted: DC1 -> MU h23 f4.5 cf,proposed,2024-07-08,Rezoned to MU h23 f4.5 cf (parcel ≈ 9727 m²); first on the zoning map 2024-07-08. Exception site: The Quarters.,https://zoningbylaw.edmonton.ca/part-2-standard-zones-and-overlays/mixed-use-zones/280-mu-mixed-use-zone,Quarters/Boyle,"rezoning adopted, no DP found on the site",
REZ-MU-189191,67p2-r285 Zoning Bylaw Map - History,"(rezoned parcel, 53.54392, -113.48415)",53.543916,-113.484149,,50.0,rezoning adopted: DC1 -> MU h50 f6,proposed,2024-07-08,Rezoned to MU h50 f6 (parcel ≈ 16534 m²); first on the zoning map 2024-07-08. Exception site: The Quarters.,https://zoningbylaw.edmonton.ca/part-2-standard-zones-and-overlays/mixed-use-zones/280-mu-mixed-use-zone,Quarters/Boyle,"rezoning adopted, no DP found on the site",
REZ-MU-189200,67p2-r285 Zoning Bylaw Map - History,"(rezoned parcel, 53.54458, -113.48610)",53.544575,-113.486103,,77.0,rezoning adopted: DC1 -> MU h77 f8 cf,proposed,2024-07-08,Rezoned to MU h77 f8 cf (parcel ≈ 14102 m²); first on the zoning map 2024-07-08. Exception site: The Quarters.,https://zoningbylaw.edmonton.ca/part-2-standard-zones-and-overlays/mixed-use-zones/280-mu-mixed-use-zone,Quarters/Boyle,"rezoning adopted, no DP found on the site",
REZ-MU-189192,67p2-r285 Zoning Bylaw Map - History,"(rezoned parcel, 53.54517, -113.48293)",53.545166,-113.48293,,40.0,rezoning adopted: DC1 -> MU h40 f6.5,proposed,2024-07-08,Rezoned to MU h40 f6.5 (parcel ≈ 21176 m²); first on the zoning map 2024-07-08. Exception site: The Quarters.,https://zoningbylaw.edmonton.ca/part-2-standard-zones-and-overlays/mixed-use-zones/280-mu-mixed-use-zone,Quarters/Boyle,"rezoning adopted, no DP found on the site",
REZ-MU-189198,67p2-r285 Zoning Bylaw Map - History,"(rezoned parcel, 53.54520, -113.47869)",53.545204,-113.478693,,85.0,rezoning adopted: DC -> MU h85 f8 cf,proposed,2024-07-15,Rezoned to MU h85 f8 cf (parcel ≈ 38788 m²); first on the zoning map 2024-07-15.,https://zoningbylaw.edmonton.ca/part-2-standard-zones-and-overlays/mixed-use-zones/280-mu-mixed-use-zone,Quarters/Boyle,"rezoning adopted, no DP found on the site",
REZ-MU-189183,67p2-r285 Zoning Bylaw Map - History,"(rezoned parcel, 53.54536, -113.48084)",53.545361,-113.480835,,85.0,rezoning adopted: DC -> MU h85 f8,proposed,2024-07-15,Rezoned to MU h85 f8 (parcel ≈ 21729 m²); first on the zoning map 2024-07-15. Exception site: The Quarters.,https://zoningbylaw.edmonton.ca/part-2-standard-zones-and-overlays/mixed-use-zones/280-mu-mixed-use-zone,Quarters/Boyle,"rezoning adopted, no DP found on the site",
REZ-MU-189190,67p2-r285 Zoning Bylaw Map - History,"(rezoned parcel, 53.54558, -113.48489)",53.54558,-113.484895,,77.0,rezoning adopted: DC1 -> MU h77 f8,proposed,2024-07-08,Rezoned to MU h77 f8 (parcel ≈ 45039 m²); first on the zoning map 2024-07-08. Exception site: The Quarters.,https://zoningbylaw.edmonton.ca/part-2-standard-zones-and-overlays/mixed-use-zones/280-mu-mixed-use-zone,Quarters/Boyle,"rezoning adopted, no DP found on the site",
REZ-MU-189205,67p2-r285 Zoning Bylaw Map - History,"(rezoned parcel, 53.54672, -113.47748)",53.546723,-113.477483,,23.0,rezoning adopted: DC1 -> MU h23 f3 cf,proposed,2024-07-08,Rezoned to MU h23 f3 cf (parcel ≈ 2520 m²); first on the zoning map 2024-07-08.,https://zoningbylaw.edmonton.ca/part-2-standard-zones-and-overlays/mixed-use-zones/280-mu-mixed-use-zone,Quarters/Boyle,"rezoning adopted, no DP found on the site",
REZ-RM-189986,67p2-r285 Zoning Bylaw Map - History,"(rezoned parcel, 53.54755, -113.47827)",53.54755,-113.47827,,23.0,rezoning adopted: DC1 -> RM h23,proposed,2024-07-08,Rezoned to RM h23 (parcel ≈ 38765 m²); first on the zoning map 2024-07-08.,https://zoningbylaw.edmonton.ca/part-2-standard-zones-and-overlays/residential-zones/240-rm-medium-scale-residential-zone,Quarters/Boyle,"rezoning adopted, no DP found on the site",
REZ-DC-21486-364695,67p2-r285 Zoning Bylaw Map - History,"(rezoned parcel, 53.54912, -113.48613)",53.54912,-113.486128,,,rezoning adopted: DC1 (12813) -> DC,proposed,2026-05-04,Rezoned to DC (parcel ≈ 31037 m²); first on the zoning map 2026-05-04.,https://zoningbylaw.edmonton.ca/dc-21486,Quarters/Boyle,"rezoning adopted, no DP found on the site",
REZ-DC-21193-236693,67p2-r285 Zoning Bylaw Map - History,"(rezoned parcel, 53.55136, -113.48354)",53.551359,-113.483544,,,rezoning adopted: DC2 -> DC,proposed,2025-06-16,Rezoned to DC (parcel ≈ 2045 m²); first on the zoning map 2025-06-16.,https://zoningbylaw.edmonton.ca/dc-21193,Quarters/Boyle,"rezoning adopted, no DP found on the site",
670577173-002,2ccn-pwtu Development Permits,10131 - 95 STREET NW,53.544181,-113.477726,,,"In Progress (Major Development Permit, Not Available)",proposed,,To construct a Residential Use building (Multi-unit Housing with 64 Dwellings).,https://data.edmonton.ca/resource/2ccn-pwtu.json?city_file_number=670577173-002,Quarters/Boyle,DP application in progress,64
502329379-002,2ccn-pwtu Development Permits,10131 - 97 STREET NW,53.542875,-113.485287,,,"Approved (Major Development Permit, Permitted Development)",approved,2024-05-02,To construct exterior and interior alterations to a commercial building (new entrances and window openings),https://data.edmonton.ca/resource/2ccn-pwtu.json?city_file_number=502329379-002,Quarters/Boyle,"DP approved 2024-05-02, no building permit yet",
370409275-002,2ccn-pwtu Development Permits,10136 - 95 STREET NW,53.544162,-113.478596,,,"Approved (Major Development Permit, Discretionary Development)",stalled,2021-05-04,"To develop a Surface Parking Lot, Accessory to an Apartment House (Riverview Apartments)",https://data.edmonton.ca/resource/2ccn-pwtu.json?city_file_number=370409275-002,Quarters/Boyle,"DP approved 2021-05-04, no building permit since (> 3 y)",
442148159-002,2ccn-pwtu Development Permits,10146 - 96 STREET NW,53.544036,-113.482632,,,"Approved (Major Development Permit, Discretionary Development)",stalled,2022-08-26,"To develop an Urban Garden (Ociciwan Gallery, ""kamâmak nihtâwikihcikan"").",https://data.edmonton.ca/resource/2ccn-pwtu.json?city_file_number=442148159-002,Quarters/Boyle,"DP approved 2022-08-26, no building permit since (> 3 y)",
442013815-004,2ccn-pwtu Development Permits,10173 - 97 STREET NW,53.543656,-113.485588,,,"Approved (Major Development Permit, Discretionary Development)",stalled,2022-10-25,To increase the number of children from 45 to a maximum of 106 children in an approved Child Care Service and to construct interior alterations.,https://data.edmonton.ca/resource/2ccn-pwtu.json?city_file_number=442013815-004,Quarters/Boyle,"DP approved 2022-10-25, no building permit since (> 3 y)",
341529008-013,2ccn-pwtu Development Permits,10210 - 97 STREET NW,53.544164,-113.487601,,,"Approved (Major Development Permit, Discretionary Development)",construction,2021-10-26,"To construct and operate an addition to an existing Spectator Entertainment Establishment Use building (expansion of the existing Winspear Centre for Music building) with Commercial School, Creation and Production Establishment, Media Studio Uses and Winspear administration offices on the main floor; with an exterior landscaped outdoor elevated plaza at Grade (at the southeast corner of 97 Street and 102 Avenue) and landscaped outdoor balcony areas on the southeast corner and landscaped roof area with a service access only with no occupied balcony access at the northeast corner on the second level of the building as a Public and Private Amenity Space; with pick-up and drop-off lay-by/Loading Zone on 97 Street (Reference: Development Permit numbers 286547690-002, 341529008-002 and 341529008-020). (Francis Winspear Centre for Music)",https://data.edmonton.ca/resource/2ccn-pwtu.json?city_file_number=341529008-013,Quarters/Boyle,building permit issued 2022-06-24,
455466686-002,2ccn-pwtu Development Permits,10249 - 96 STREET NW,53.546258,-113.482844,,,"Approved (Major Development Permit, Discretionary Development)",construction,2023-03-01,"To construct an Essential Utility Services Use building (washroom facilities) accessory to a Public Park (Kinistinaw Park).  [2 filings at this address: 380434147-002, 455466686-002]",https://data.edmonton.ca/resource/2ccn-pwtu.json?city_file_number=455466686-002,Quarters/Boyle,building permit issued 2022-05-18,
616725212-002,2ccn-pwtu Development Permits,10333 - 97 STREET NW,53.546565,-113.486821,,,"Approved (Major Development Permit, Permitted Development)",construction,2025-11-13,To construct facade improvements to a mixed use building (Stovel Block).,https://data.edmonton.ca/resource/2ccn-pwtu.json?city_file_number=616725212-002,Quarters/Boyle,building permit issued 2026-09-24,
535898434-002,2ccn-pwtu Development Permits,10423 - 101 STREET NW,53.547702,-113.49212,,,"Approved (Major Development Permit, Permitted Development)",construction,2024-11-08,"To increase the number of children to a Child Care Service from 62 children to 73 children and to construct interior alterations (EPCOR Tower, reference DP #114763371-001).  [2 filings at this address: 500038639-002, 535898434-002]",https://data.edmonton.ca/resource/2ccn-pwtu.json?city_file_number=535898434-002,Quarters/Boyle,building permit issued 2024-03-13,
386316361-002,2ccn-pwtu Development Permits,10512 - 93 STREET NW,53.550495,-113.47855,,,"Approved (Major Development Permit, Discretionary Development)",stalled,2021-05-27,"To add 1 additional Dwelling to an existing Multi-unit Housing (apartment) building (total of 21 Dwellings), to convert 2 Seeping Units into a Lodging House, and to construct interior and exterior alterations.",https://data.edmonton.ca/resource/2ccn-pwtu.json?city_file_number=386316361-002,Quarters/Boyle,"DP approved 2021-05-27, no building permit since (> 3 y)",21
341529008-020,2ccn-pwtu Development Permits,4 - SIR WINSTON CHURCHILL SQUARE NW,53.544164,-113.487601,,,"Approved (Major Development Permit, Discretionary Development)",construction,2021-06-25,"To construct and operate a Major Impact Utility Service Use (District Energy building) addition to an existing Spectator Entertainment Establishment Use building, as part of the expansion of the existing Winspear Centre for Music building; and to construct exterior alterations to the Site including new sidewalks and an asphalt approach along 102A Avenue and landscaping. (Reference: Development Permit numbers 286547690-002 and 341529008-002).",https://data.edmonton.ca/resource/2ccn-pwtu.json?city_file_number=341529008-020,Quarters/Boyle,building permit issued 2022-06-24,
383000571-002,2ccn-pwtu Development Permits,9321 - 101A AVENUE NW,53.54439,-113.475766,,,"Refused (Major Development Permit, Discretionary Development)",unknown,2023-06-15,To construct a 25 Dwelling Multi-unit Housing (apartment) building (Riverdale Lookout).,https://data.edmonton.ca/resource/2ccn-pwtu.json?city_file_number=383000571-002,Quarters/Boyle,DP refused,25
573198770-006,2ccn-pwtu Development Permits,9511 - 103 AVENUE NW,53.546789,-113.480058,,,"Approved (Major Development Permit, Permitted Development)",approved,2026-08-20,"To construct exterior and interior alterations (basement removed from project) to a Mixed-Use building - main floor Community Service and upper floor Residential with 25 Dwellings of Multi-unit Housing.  [2 filings at this address: 573198770-002, 573198770-006]",https://data.edmonton.ca/resource/2ccn-pwtu.json?city_file_number=573198770-006,Quarters/Boyle,"DP approved 2026-08-20, no building permit yet",25
189323110-001,2ccn-pwtu Development Permits,9521 - 103A AVENUE NW,53.547348,-113.481772,,,"In Progress (Major Development Permit, Not Available)",proposed,,To construct a 97 sleeping units Group Home.,https://data.edmonton.ca/resource/2ccn-pwtu.json?city_file_number=189323110-001,Quarters/Boyle,DP application in progress,
660875144-002,2ccn-pwtu Development Permits,9550 - 103 AVENUE NW,53.546843,-113.482356,,,"In Progress (Major Development Permit, Discretionary Development)",proposed,2026-09-01,"To construct a Residential building (Supportive Housing with 59 Sleeping Units), with a main floor Health Service Use and an underground parkade.",https://data.edmonton.ca/resource/2ccn-pwtu.json?city_file_number=660875144-002,Quarters/Boyle,DP application in progress,
653953886-002,2ccn-pwtu Development Permits,9608 - 103 AVENUE NW,53.546528,-113.483879,,,"Approved (Major Development Permit, Discretionary Development)",approved,2026-07-29,To construct a Residential building (174 Dwellings of Multi-unit Housing).,https://data.edmonton.ca/resource/2ccn-pwtu.json?city_file_number=653953886-002,Quarters/Boyle,"DP approved 2026-07-29, no building permit yet",174
656120859-002,2ccn-pwtu Development Permits,9804 - JASPER AVENUE NW,53.541918,-113.487152,,,"Approved (Major Development Permit, Permitted Development)",approved,2026-06-11,"To construct an addition and exterior alterations to a Bar, Minor Indoor Entertainment, and Office building (two covered pergolas, one sea-can for a roof-top servery, addition of one glazed door in existing curtain wall).",https://data.edmonton.ca/resource/2ccn-pwtu.json?city_file_number=656120859-002,Quarters/Boyle,"DP approved 2026-06-11, no building permit yet",
364536438-002,2ccn-pwtu Development Permits,10455 - 81 AVENUE NW,53.516709,-113.499396,21,,"Approved (Major Development Permit, Discretionary Development)",construction,2021-04-12,"To construct 3 Apartment House buildings (16, 19, and 21 Storeys for a total of 457 Dwellings) with main floor General Retail Store Uses, and a single Storey General Retail Store building with 1 Child Care Service Use – all with underground parking. Non-Accessory Parking will be developed in a portion of the underground parkade.",https://data.edmonton.ca/resource/2ccn-pwtu.json?city_file_number=364536438-002,Strathcona/Whyte,building permit issued 2023-06-20,457
372600869-067,2ccn-pwtu Development Permits,10021 - 83 AVENUE NW,53.518783,-113.489842,6,,"Approved (Major Development Permit, Permitted Development)",construction,2024-01-22,To construct a Residential building (6 storeys / 45 dwelling units of Multi-unit Housing) with an underground parkade.,https://data.edmonton.ca/resource/2ccn-pwtu.json?city_file_number=372600869-067,Strathcona/Whyte,building permit issued 2024-04-03,45
641972652-002,2ccn-pwtu Development Permits,9862 - 90 AVENUE NW,53.525471,-113.48589,6,,"Approved (Major Development Permit, Permitted Development)",approved,2026-09-08,To construct a Residential Use building in the form of a 6-Storey 73 Dwelling Multi-Unit Housing with underground parkade.,https://data.edmonton.ca/resource/2ccn-pwtu.json?city_file_number=641972652-002,Strathcona/Whyte,"DP approved 2026-09-08, no building permit yet",73
682298539-002,2ccn-pwtu Development Permits,10319 - SASKATCHEWAN DRIVE NW,53.523236,-113.496915,4,,"In Progress (Major Development Permit, Not Available)",proposed,,To construct a Residential Use building in the form of a 4-Storey Multi-Unit Housing development with 4 Dwellings and an at-grade Parkade.,https://data.edmonton.ca/resource/2ccn-pwtu.json?city_file_number=682298539-002,Strathcona/Whyte,DP application in progress,
648438380-002,2ccn-pwtu Development Permits,9857 - 83 AVENUE NW,53.518781,-113.485521,4,,"Approved (Major Development Permit, Permitted Development)",approved,2026-07-17,To construct a Residential Use building in the form of a 4-Storey 23 Dwelling Multi-unit Housing with underground parkade.,https://data.edmonton.ca/resource/2ccn-pwtu.json?city_file_number=648438380-002,Strathcona/Whyte,"DP approved 2026-07-17, no building permit yet",23
REZ-MU-410395,67p2-r285 Zoning Bylaw Map - History,"(rezoned parcel, 53.51452, -113.49805)",53.514521,-113.498055,,28.0,rezoning adopted: MU -> MU h28 f5 cf,proposed,2026-05-25,Rezoned to MU h28 f5 cf (parcel ≈ 2835 m²); first on the zoning map 2026-05-25.,https://zoningbylaw.edmonton.ca/part-2-standard-zones-and-overlays/mixed-use-zones/280-mu-mixed-use-zone,Strathcona/Whyte,"rezoning adopted, no DP found on the site",
REZ-DC-21483-357497,67p2-r285 Zoning Bylaw Map - History,"(rezoned parcel, 53.51833, -113.49771)",53.518332,-113.497713,,,rezoning adopted: DC (21390) -> DC,proposed,2026-05-04,Rezoned to DC (parcel ≈ 66950 m²); first on the zoning map 2026-05-04.,https://zoningbylaw.edmonton.ca/dc-21483,Strathcona/Whyte,"rezoning adopted, no DP found on the site",
REZ-DC1-20460-167505,67p2-r285 Zoning Bylaw Map - History,"(rezoned parcel, 53.51972, -113.49660)",53.519718,-113.496597,,,rezoning adopted: DC2 (598) -> DC1,proposed,2023-05-08,Rezoned to DC1 (parcel ≈ 694 m²); first on the zoning map 2023-05-08.,https://zoningbylaw.edmonton.ca/dc1-20460,Strathcona/Whyte,"rezoning adopted, no DP found on the site",
406280931-002,2ccn-pwtu Development Permits,10020 - 81 AVENUE NW,53.517552,-113.489585,,,"Approved (Major Development Permit, Discretionary Development)",stalled,2022-03-31,To construct and operate a mixed-Use building with General Retail Stores on the main floor and Multi-unit Housing (4 Dwelling units) on the second floor (south Lot).,https://data.edmonton.ca/resource/2ccn-pwtu.json?city_file_number=406280931-002,Strathcona/Whyte,"DP approved 2022-03-31, no building permit since (> 3 y)",
392456153-002,2ccn-pwtu Development Permits,10054 - 79 AVENUE NW,53.515442,-113.490624,,,"Approved (Major Development Permit, Discretionary Development)",stalled,2021-11-03,"To add 12 Dwellings to an existing Multi-unit Housing building (total of 112 Dwellings), and to construct interior and exterior alterations (The Trax).",https://data.edmonton.ca/resource/2ccn-pwtu.json?city_file_number=392456153-002,Strathcona/Whyte,"DP approved 2021-11-03, no building permit since (> 3 y)",112
415034174-002,2ccn-pwtu Development Permits,10333 - UNIVERSITY AVENUE NW,53.510938,-113.49644,,,"Approved (Major Development Permit, Discretionary Development)",stalled,2021-12-16,"To convert the upper 3 floors of an existing Hotel into Apartment Housing (72 Dwellings), and to construct exterior alterations (develop outdoor common Amenity Area).",https://data.edmonton.ca/resource/2ccn-pwtu.json?city_file_number=415034174-002,Strathcona/Whyte,"DP approved 2021-12-16, no building permit since (> 3 y)",72
640573623-002,2ccn-pwtu Development Permits,10440 - 83 AVENUE NW,53.519409,-113.498998,,,"Approved (Major Development Permit, Permitted Development)",approved,2026-07-21,To construct a Residential (162 Dwellings of Multi-unit Housing) building with an underground parkade.,https://data.edmonton.ca/resource/2ccn-pwtu.json?city_file_number=640573623-002,Strathcona/Whyte,"DP approved 2026-07-21, no building permit yet",162
537159828-002,2ccn-pwtu Development Permits,10506 - 81 AVENUE NW,53.517358,-113.500984,,,"Approved (Major Development Permit, Permitted Development)",approved,2025-04-23,To construct a Residential building (108 Dwellings of Multi-unit Housing) with a main floor Indoor Sales and Services space and an underground parkade.,https://data.edmonton.ca/resource/2ccn-pwtu.json?city_file_number=537159828-002,Strathcona/Whyte,"DP approved 2025-04-23, no building permit yet",108
562465177-002,2ccn-pwtu Development Permits,10521 - 78 AVENUE NW,53.513967,-113.501599,,,"Approved (Major Development Permit, Permitted Development)",construction,2026-01-14,To construct a Residential Use building in the form of 83 Dwelling Multi-unit Housing with underground Parkade,https://data.edmonton.ca/resource/2ccn-pwtu.json?city_file_number=562465177-002,Strathcona/Whyte,building permit issued 2026-05-14,83
547462195-002,2ccn-pwtu Development Permits,10540 - 77 AVENUE NW,53.513562,-113.502444,,,"Approved (Major Development Permit, Not Available)",approved,2025-02-20,To construct a 25 Dwelling Residential Use building in the form of a Multi-unit Housing with an underground Parkade.,https://data.edmonton.ca/resource/2ccn-pwtu.json?city_file_number=547462195-002,Strathcona/Whyte,"DP approved 2025-02-20, no building permit yet",25
634571021-002,2ccn-pwtu Development Permits,10625 - 84 AVENUE NW,53.519762,-113.504767,,,"In Progress (Major Development Permit, Not Available)",proposed,,To construct a Residential Use building in the form of 28 Dwellings of Multi-unit Housing,https://data.edmonton.ca/resource/2ccn-pwtu.json?city_file_number=634571021-002,Strathcona/Whyte,DP application in progress,28
656943418-002,2ccn-pwtu Development Permits,10635 - 85 AVENUE NW,53.520715,-113.505289,,,"In Progress (Major Development Permit, Not Available)",proposed,,To add 1 Dwelling(s) to an existing Residential Use building in the form of a Multi-unit Housing and to construct interior alterations.,https://data.edmonton.ca/resource/2ccn-pwtu.json?city_file_number=656943418-002,Strathcona/Whyte,DP application in progress,
664850286-002,2ccn-pwtu Development Permits,10732 - 78 AVENUE NW,53.514523,-113.507917,,,"In Progress (Major Development Permit, Not Available)",construction,,To construct a Residential Use building in the form of a 28 Dwelling Multi-unit Housing building.,https://data.edmonton.ca/resource/2ccn-pwtu.json?city_file_number=664850286-002,Strathcona/Whyte,building permit issued 2021-06-14,28
665171270-002,2ccn-pwtu Development Permits,7903 - 108 STREET NW,53.515478,-113.509124,,,"In Progress (Major Development Permit, Not Available)",proposed,,"To construct a Residential Use building in the form of Multi-unit Housings (3 buildings, each with 35 Dwellings for a total of 105 Dwellings).",https://data.edmonton.ca/resource/2ccn-pwtu.json?city_file_number=665171270-002,Strathcona/Whyte,DP application in progress,105
557819385-002,2ccn-pwtu Development Permits,7921 - 107 STREET NW,53.515874,-113.506044,,,"Approved (Major Development Permit, Permitted Development)",construction,2025-12-04,To construct a Residential Use building in the form of a 28 Dwelling Multi-unit House.,https://data.edmonton.ca/resource/2ccn-pwtu.json?city_file_number=557819385-002,Strathcona/Whyte,building permit issued 2026-08-06,28
503378470-002,2ccn-pwtu Development Permits,8521 - 106A STREET NW,53.52157,-113.504602,,,"Approved (Major Development Permit, Permitted Development)",construction,2024-07-19,To construct a Residential Use building in the form of a 52 Dwelling Multi-unit Housing with an underground parkade.,https://data.edmonton.ca/resource/2ccn-pwtu.json?city_file_number=503378470-002,Strathcona/Whyte,building permit issued 2024-09-20,52
188393939-005,2ccn-pwtu Development Permits,8523 - 106A STREET NW,53.521469,-113.504783,,,"Appealed (Major Development Permit, Not Available)",construction,,To construct 5 Dwellings of Apartment Housing.,https://data.edmonton.ca/resource/2ccn-pwtu.json?city_file_number=188393939-005,Strathcona/Whyte,building permit issued 2024-09-20,
663229139-002,2ccn-pwtu Development Permits,9724 - 82 AVENUE NW,53.518365,-113.480855,,,"In Progress (Major Development Permit, Not Available)",proposed,,"To construct a Residential building (54 Dwellings of Multi-unit Housing), with an underground parkade.",https://data.edmonton.ca/resource/2ccn-pwtu.json?city_file_number=663229139-002,Strathcona/Whyte,DP application in progress,54
495889729-002,2ccn-pwtu Development Permits,9846 - 82 AVENUE NW,53.518367,-113.484612,,,"Approved (Major Development Permit, Permitted Development)",approved,2024-12-16,To construct a 41 Dwelling Residential Use building in the form of a Multi-unit Housing (apartment).,https://data.edmonton.ca/resource/2ccn-pwtu.json?city_file_number=495889729-002,Strathcona/Whyte,"DP approved 2024-12-16, no building permit yet",41
368879276-002,2ccn-pwtu Development Permits,9860 - 83 AVENUE NW,53.519214,-113.485932,,,"Other (Major Development Permit, Discretionary Development)",construction,2021-07-22,"To construct a 27 Dwelling Multi-Unit Housing building with General Retail Stores in a portion of the main floor, and an underground parkade.",https://data.edmonton.ca/resource/2ccn-pwtu.json?city_file_number=368879276-002,Strathcona/Whyte,building permit issued 2025-06-19,27
572171370-002,2ccn-pwtu Development Permits,9863 - 78 AVENUE NW,53.513938,-113.485791,,,"Approved (Major Development Permit, Permitted Development)",approved,2025-12-09,To construct a Residential Use building in the form of a 5 Dwelling Multi-unit House (not to be used as a Lodging House),https://data.edmonton.ca/resource/2ccn-pwtu.json?city_file_number=572171370-002,Strathcona/Whyte,"DP approved 2025-12-09, no building permit yet",
520258098-002,2ccn-pwtu Development Permits,9916 - 89 AVENUE NW,53.524787,-113.486795,,,"Approved (Major Development Permit, Permitted Development)",approved,2025-01-29,To construct a 165 Dwelling Residential Use building in the of a Multi-unit Housing with an underground Parkade.,https://data.edmonton.ca/resource/2ccn-pwtu.json?city_file_number=520258098-002,Strathcona/Whyte,"DP approved 2025-01-29, no building permit yet",165
657889764-002,2ccn-pwtu Development Permits,8307 - 109 STREET NW,53.519366,-113.511262,9,,"In Progress (Major Development Permit, Not Available)",proposed,,"To construct a 9 Storey mixed-use building with 163 Dwellings, 5 commercial retail units, and an underground parkade.",https://data.edmonton.ca/resource/2ccn-pwtu.json?city_file_number=657889764-002,Garneau/University,DP application in progress,163
408272142-002,2ccn-pwtu Development Permits,10757 - 83 AVENUE NW,53.518819,-113.509039,6,,"Approved (Major Development Permit, Discretionary Development)",unknown,2022-04-19,To construct an addition and exterior/interior alterations to an existing Multi-unit Housing building (6 storey addition: total number of Dwellings to be increased from 18 to 57).,https://data.edmonton.ca/resource/2ccn-pwtu.json?city_file_number=408272142-002,Garneau/University,complete: occupancy granted 2024-04-04 (candidate existing row),
REZ-RM-272845,67p2-r285 Zoning Bylaw Map - History,"(rezoned parcel, 53.51977, -113.51101)",53.519771,-113.511009,,23.0,rezoning adopted: RM -> RM h23,proposed,2024-11-11,Rezoned to RM h23 (parcel ≈ 2121 m²); first on the zoning map 2024-11-11.,https://zoningbylaw.edmonton.ca/part-2-standard-zones-and-overlays/residential-zones/240-rm-medium-scale-residential-zone,Garneau/University,"rezoning adopted, no DP found on the site",
REZ-MU-265495,67p2-r285 Zoning Bylaw Map - History,"(rezoned parcel, 53.52318, -113.51369)",53.523177,-113.51369,,23.0,rezoning adopted: RM -> MU h23 f5,proposed,2025-06-30,Rezoned to MU h23 f5 (parcel ≈ 6057 m²); first on the zoning map 2025-06-30.,https://zoningbylaw.edmonton.ca/part-2-standard-zones-and-overlays/mixed-use-zones/280-mu-mixed-use-zone,Garneau/University,"rezoning adopted, no DP found on the site",
REZ-DC2-1179-171816,67p2-r285 Zoning Bylaw Map - History,"(rezoned parcel, 53.52357, -113.51484)",53.523566,-113.51484,,,rezoning adopted: RF3 -> DC2,proposed,2021-09-20,Rezoned to DC2 (parcel ≈ 1194 m²); first on the zoning map 2021-09-20.,https://zoningbylaw.edmonton.ca/dc2-1179,Garneau/University,"rezoning adopted, no DP found on the site",
REZ-RM-177257,67p2-r285 Zoning Bylaw Map - History,"(rezoned parcel, 53.52431, -113.53115)",53.524311,-113.53115,,23.0,rezoning adopted: RS -> RM h23,proposed,2024-04-29,Rezoned to RM h23 (parcel ≈ 3390 m²); first on the zoning map 2024-04-29.,https://zoningbylaw.edmonton.ca/part-2-standard-zones-and-overlays/residential-zones/240-rm-medium-scale-residential-zone,Garneau/University,"rezoning adopted, no DP found on the site",
REZ-DC1-19789-167423,67p2-r285 Zoning Bylaw Map - History,"(rezoned parcel, 53.52502, -113.51485)",53.525023,-113.51485,,,rezoning adopted: RF3 -> DC1,proposed,2021-09-13,Rezoned to DC1 (parcel ≈ 1052 m²); first on the zoning map 2021-09-13.,https://zoningbylaw.edmonton.ca/dc1-19789,Garneau/University,"rezoning adopted, no DP found on the site",
626515585-002,2ccn-pwtu Development Permits,10738 - 83 AVENUE NW,53.519366,-113.508278,,,"Approved (Major Development Permit, Permitted Development)",approved,2025-12-19,"To construct a Residential Use building in the form of a 38 Dwelling Multi-unit Housing building.  [2 filings at this address: 541822196-002, 626515585-002]",https://data.edmonton.ca/resource/2ccn-pwtu.json?city_file_number=626515585-002,Garneau/University,"DP approved 2025-12-19, no building permit yet",38
476200645-002,2ccn-pwtu Development Permits,10808 - 85 AVENUE NW,53.521265,-113.509794,,,"Approved (Major Development Permit, Permitted Development)",construction,2024-05-15,To construct a Residential building (Multi-unit Housing) with 58 Dwellings and an underground parkade.,https://data.edmonton.ca/resource/2ccn-pwtu.json?city_file_number=476200645-002,Garneau/University,building permit issued 2024-08-14,58
639387018-002,2ccn-pwtu Development Permits,10818 - 84 AVENUE NW,53.520312,-113.510329,,,"In Progress (Major Development Permit, Permitted Development)",proposed,,To construct a Residential Use building in the form of a Multi-unit Housing. Total of 28 dwellings.,https://data.edmonton.ca/resource/2ccn-pwtu.json?city_file_number=639387018-002,Garneau/University,DP application in progress,28
653999608-002,2ccn-pwtu Development Permits,10937 - 88 AVENUE NW,53.523571,-113.513849,,,"Approved (Major Development Permit, Permitted Development)",approved,2026-07-27,To construct a Residential Use building in the form of 6 Dwelling Multi-Unit Housing.,https://data.edmonton.ca/resource/2ccn-pwtu.json?city_file_number=653999608-002,Garneau/University,"DP approved 2026-07-27, no building permit yet",
490809382-002,2ccn-pwtu Development Permits,10958 - 87 AVENUE NW,53.523165,-113.514779,,,"Approved (Major Development Permit, Discretionary Development)",construction,2024-03-06,To construct a Residential Use building in the form of a Lodging House (maximum 8 Sleeping Units).,https://data.edmonton.ca/resource/2ccn-pwtu.json?city_file_number=490809382-002,Garneau/University,building permit issued 2025-08-06,
645866239-002,2ccn-pwtu Development Permits,11024 - 85 AVENUE NW,53.521267,-113.516219,,,"Approved (Major Development Permit, Permitted Development)",approved,2026-07-21,To construct a Residential building (28 Dwellings of Multi-unit Housing).,https://data.edmonton.ca/resource/2ccn-pwtu.json?city_file_number=645866239-002,Garneau/University,"DP approved 2026-07-21, no building permit yet",28
613818800-002,2ccn-pwtu Development Permits,11028 - 85 AVENUE NW,53.521267,-113.516369,,,"Approved (Major Development Permit, Permitted Development)",construction,2025-08-07,"To construct a Residential building (28 Dwellings of Multi-unit Housing).  [3 filings at this address: 501763101-002, 528885777-013, 613818800-002]",https://data.edmonton.ca/resource/2ccn-pwtu.json?city_file_number=613818800-002,Garneau/University,building permit issued 2025-11-18,28
370375510-002,2ccn-pwtu Development Permits,11041 - 86 AVENUE NW,53.521679,-113.516747,,,"Approved (Major Development Permit, Discretionary Development)",construction,2021-07-27,To construct a 159 Dwelling Multi-unit Housing (apartment) building with underground parkade (Garneau Park).,https://data.edmonton.ca/resource/2ccn-pwtu.json?city_file_number=370375510-002,Garneau/University,building permit issued 2021-10-12,159
392214637-036,2ccn-pwtu Development Permits,11141 - 84 AVENUE NW,53.519781,-113.520207,,,"Approved (Major Development Permit, Discretionary Development)",construction,2022-07-05,"To construct exterior and interior alterations (exterior material changes, and Amenity Area changes) to a mixed-Use building (main floor Specialty Food Service and Health Service, with Multi-unit Housing above).  [2 filings at this address: 392214637-002, 392214637-036]",https://data.edmonton.ca/resource/2ccn-pwtu.json?city_file_number=392214637-036,Garneau/University,building permit issued 2022-03-25,217
491021966-002,2ccn-pwtu Development Permits,11148 - 84 AVENUE NW,53.520322,-113.519762,,,"Approved (Major Development Permit, Discretionary Development)",approved,2024-02-02,To increase the number of Dwellings from 111 to 118 and to construct interior alterations on an existing Residential Use building in the form of a Multi-unit Housing.,https://data.edmonton.ca/resource/2ccn-pwtu.json?city_file_number=491021966-002,Garneau/University,"DP approved 2024-02-02, no building permit yet",
411836852-002,2ccn-pwtu Development Permits,11329 - UNIVERSITY AVENUE NW,53.515838,-113.524442,,,"Approved (Major Development Permit, Discretionary Development)",construction,2022-01-24,To construct a Multi-unit Housing building (132 Dwellings) with an underground parkade.,https://data.edmonton.ca/resource/2ccn-pwtu.json?city_file_number=411836852-002,Garneau/University,building permit issued 2022-06-23,132
471410672-002,2ccn-pwtu Development Permits,11419 - UNIVERSITY AVENUE NW,53.516311,-113.526779,,,"Approved (Major Development Permit, Discretionary Development)",construction,2024-07-02,To construct a Residential Use building in the form of a 41 Dwelling Multi-unit Housing (apartment).,https://data.edmonton.ca/resource/2ccn-pwtu.json?city_file_number=471410672-002,Garneau/University,building permit issued 2025-07-04,41
520417913-002,2ccn-pwtu Development Permits,8231 - 111 STREET NW,53.518833,-113.517516,,,"Approved (Major Development Permit, Permitted Development)",construction,2024-10-01,To construct a Residential building (34 Dwellings of Supportive Housing).,https://data.edmonton.ca/resource/2ccn-pwtu.json?city_file_number=520417913-002,Garneau/University,building permit issued 2024-12-12,34
430142719-002,2ccn-pwtu Development Permits,8615 - 108 STREET NW,53.522209,-113.508327,,,"Approved (Major Development Permit, Discretionary Development)",construction,2023-08-08,To construct a Multi-unit Housing building (96 Dwellings).,https://data.edmonton.ca/resource/2ccn-pwtu.json?city_file_number=430142719-002,Garneau/University,building permit issued 2023-09-28,96
435065275-002,2ccn-pwtu Development Permits,8636 - 108 STREET NW,53.522672,-113.509232,,,"Approved (Major Development Permit, Discretionary Development)",stalled,2022-11-07,"To construct Exterior and Interior Alterations to Existing Multi-unit Housing building (reconfigure Dwellings within the building and to construct 6 additional Dwellings, total of 50 Dwellings)  [2 filings at this address: 375104685-002, 435065275-002]",https://data.edmonton.ca/resource/2ccn-pwtu.json?city_file_number=435065275-002,Garneau/University,"DP approved 2022-11-07, no building permit since (> 3 y)",50
648686740-002,2ccn-pwtu Development Permits,2704 - BLATCHFORD ROAD NW,53.56954,-113.517484,6,,"In Progress (Major Development Permit, Not Available)",proposed,,"To construct a 6-Storey Mixed Use building, including an Indoor Sales and Services Use, 84 Dwellings, and an underground Parkade.",https://data.edmonton.ca/resource/2ccn-pwtu.json?city_file_number=648686740-002,Blatchford,DP application in progress,84
648757765-002,2ccn-pwtu Development Permits,7704 - YORKE MEWS NW,53.570167,-113.518393,6,,"In Progress (Major Development Permit, Not Available)",proposed,,To construct a Residential Use in the form of a 6-Storey Multi-unit Housing building with 86 Dwellings and an underground Parkade.,https://data.edmonton.ca/resource/2ccn-pwtu.json?city_file_number=648757765-002,Blatchford,DP application in progress,86
471976665-002,2ccn-pwtu Development Permits,6644 - ALPHA BOULEVARD NW,53.568059,-113.515301,5,,"Approved (Major Development Permit, Discretionary Development)",construction,2024-10-03,To construct a mixed-Use (main floor General Retail Store Use with 72 Dwellings of Multi-unit Housing on floors 2-5) building with an underground parkade.,https://data.edmonton.ca/resource/2ccn-pwtu.json?city_file_number=471976665-002,Blatchford,building permit issued 2026-02-06,72
REZ-RM-176736,67p2-r285 Zoning Bylaw Map - History,"(rezoned parcel, 53.55850, -113.51072)",53.558495,-113.510722,,28.0,rezoning adopted: RS -> RM h28,proposed,2024-02-26,Rezoned to RM h28 (parcel ≈ 4736 m²); first on the zoning map 2024-02-26.,https://zoningbylaw.edmonton.ca/part-2-standard-zones-and-overlays/residential-zones/240-rm-medium-scale-residential-zone,Blatchford,"rezoning adopted, no DP found on the site",
REZ-DC2-1222-171832,67p2-r285 Zoning Bylaw Map - History,"(rezoned parcel, 53.55917, -113.52457)",53.559168,-113.524567,,,rezoning adopted: RF1 -> DC2,proposed,2022-09-12,Rezoned to DC2 (parcel ≈ 6315 m²); first on the zoning map 2022-09-12.,https://zoningbylaw.edmonton.ca/dc2-1222,Blatchford,"rezoning adopted, no DP found on the site",
REZ-RM-176883,67p2-r285 Zoning Bylaw Map - History,"(rezoned parcel, 53.56154, -113.52189)",53.56154,-113.521894,,23.0,rezoning adopted: DC2 (22) -> RM h23,proposed,2024-02-19,Rezoned to RM h23 (parcel ≈ 2388 m²); first on the zoning map 2024-02-19. Exception site: Blatchford.,https://zoningbylaw.edmonton.ca/part-2-standard-zones-and-overlays/residential-zones/240-rm-medium-scale-residential-zone,Blatchford,"rezoning adopted, no DP found on the site",
REZ-DC2-1210-171885,67p2-r285 Zoning Bylaw Map - History,"(rezoned parcel, 53.56466, -113.52743)",53.564662,-113.527431,,,rezoning adopted: IM -> DC2,proposed,2022-06-06,Rezoned to DC2 (parcel ≈ 6175 m²); first on the zoning map 2022-06-06. Exception site: Blatchford.,https://zoningbylaw.edmonton.ca/dc2-1210,Blatchford,"rezoning adopted, no DP found on the site",
REZ-MU-271099,67p2-r285 Zoning Bylaw Map - History,"(rezoned parcel, 53.56493, -113.50936)",53.564934,-113.509358,,23.0,rezoning adopted: FD -> MU h23 f3 cf,proposed,2025-07-14,Rezoned to MU h23 f3 cf (parcel ≈ 41526 m²); first on the zoning map 2025-07-14. Exception site: Blatchford.,https://zoningbylaw.edmonton.ca/part-2-standard-zones-and-overlays/mixed-use-zones/280-mu-mixed-use-zone,Blatchford,"rezoning adopted, no DP found on the site",
REZ-DC1-19628-167434,67p2-r285 Zoning Bylaw Map - History,"(rezoned parcel, 53.56561, -113.51746)",53.565611,-113.517462,,,rezoning adopted: DC2 (32) -> DC1,proposed,2021-04-12,Rezoned to DC1 (parcel ≈ 26852 m²); first on the zoning map 2021-04-12. Exception site: Blatchford.,https://zoningbylaw.edmonton.ca/dc1-19628,Blatchford,"rezoning adopted, no DP found on the site",
REZ-MU-271095,67p2-r285 Zoning Bylaw Map - History,"(rezoned parcel, 53.56681, -113.51110)",53.566805,-113.511103,,65.0,rezoning adopted: FD -> MU h65 f5.5 cf,proposed,2025-07-14,Rezoned to MU h65 f5.5 cf (parcel ≈ 13229 m²); first on the zoning map 2025-07-14. Exception site: Blatchford.,https://zoningbylaw.edmonton.ca/part-2-standard-zones-and-overlays/mixed-use-zones/280-mu-mixed-use-zone,Blatchford,"rezoning adopted, no DP found on the site",
REZ-DC1-20181-167484,67p2-r285 Zoning Bylaw Map - History,"(rezoned parcel, 53.56928, -113.50821)",53.569278,-113.508206,,,rezoning adopted: MA2 -> DC1,proposed,2021-09-20,Rezoned to DC1 (parcel ≈ 13394 m²); first on the zoning map 2021-09-20. Exception site: Blatchford.,https://zoningbylaw.edmonton.ca/dc1-20181,Blatchford,"rezoning adopted, no DP found on the site",
REZ-UI-235404,67p2-r285 Zoning Bylaw Map - History,"(rezoned parcel, 53.57008, -113.51040)",53.570076,-113.510398,,,rezoning adopted: MA1 -> UI,proposed,2021-09-20,Rezoned to UI (parcel ≈ 204350 m²); first on the zoning map 2021-09-20. Exception site: Blatchford.,https://zoningbylaw.edmonton.ca/part-2-standard-zones-and-overlays/open-space-and-urban-services-zones/2210-ui-urban-institution,Blatchford,"rezoning adopted, no DP found on the site",
REZ-BRH-189586,67p2-r285 Zoning Bylaw Map - History,"(rezoned parcel, 53.57111, -113.51867)",53.571112,-113.518674,,,rezoning adopted: MA1 -> BRH,proposed,2021-11-29,Rezoned to BRH (parcel ≈ 21206 m²); first on the zoning map 2021-11-29. Exception site: Blatchford.,https://zoningbylaw.edmonton.ca/part-3-special-area-zones/blatchford-special-area/342-brh-blatchford-row-housing-zone,Blatchford,"rezoning adopted, no DP found on the site",
REZ-BRH-294702,67p2-r285 Zoning Bylaw Map - History,"(rezoned parcel, 53.57130, -113.52821)",53.571297,-113.528205,,,rezoning adopted: CG -> BRH,proposed,2025-09-15,Rezoned to BRH (parcel ≈ 52756 m²); first on the zoning map 2025-09-15. Exception site: Blatchford.,https://zoningbylaw.edmonton.ca/part-3-special-area-zones/blatchford-special-area/342-brh-blatchford-row-housing-zone,Blatchford,"rezoning adopted, no DP found on the site",
REZ-UI-167638,67p2-r285 Zoning Bylaw Map - History,"(rezoned parcel, 53.57225, -113.50581)",53.57225,-113.505811,,,rezoning adopted: PU -> UI,proposed,2022-06-06,Rezoned to UI (parcel ≈ 51865 m²); first on the zoning map 2022-06-06. Exception site: Blatchford.,https://zoningbylaw.edmonton.ca/part-2-standard-zones-and-overlays/open-space-and-urban-services-zones/2210-ui-urban-institution,Blatchford,"rezoning adopted, no DP found on the site",
REZ-BRH-175863,67p2-r285 Zoning Bylaw Map - History,"(rezoned parcel, 53.57245, -113.52008)",53.572445,-113.52008,,,rezoning adopted: FD -> BRH,proposed,2024-03-18,Rezoned to BRH (parcel ≈ 66382 m²); first on the zoning map 2024-03-18. Exception site: Blatchford.,https://zoningbylaw.edmonton.ca/part-3-special-area-zones/blatchford-special-area/342-brh-blatchford-row-housing-zone,Blatchford,"rezoning adopted, no DP found on the site",
466446250-002,2ccn-pwtu Development Permits,10413 - 121 AVENUE NW,53.574991,-113.500509,,,"Approved (Major Development Permit, Discretionary Development)",stalled,2023-08-09,To construct a multi-Use building including General Retail Stores on the main floor and Multi-unit Housing (two Dwellings) on the second floor.,https://data.edmonton.ca/resource/2ccn-pwtu.json?city_file_number=466446250-002,Blatchford,"DP approved 2023-08-09, no building permit since (> 3 y)",
619823658-002,2ccn-pwtu Development Permits,10520 - 112 AVENUE NW,53.561459,-113.502365,,,"Approved (Major Development Permit, Discretionary Development)",approved,2025-12-15,To construct a Residential building (Supportive Housing with 60 Dwellings) with an underground parkade.,https://data.edmonton.ca/resource/2ccn-pwtu.json?city_file_number=619823658-002,Blatchford,"DP approved 2025-12-15, no building permit yet",60
548763415-002,2ccn-pwtu Development Permits,10607 - PRINCESS ELIZABETH AVENUE NW,53.565283,-113.504434,,,"Approved (Major Development Permit, Not Available)",approved,2025-01-15,"To continue to operate a Major Indoor Entertainment with Accessory Food and Drink Service (sports training center), operate a Health Service (physiotherapy clinic), and to construct interior and exterior alterations (facade improvement).",https://data.edmonton.ca/resource/2ccn-pwtu.json?city_file_number=548763415-002,Blatchford,"DP approved 2025-01-15, no building permit yet",
639177329-002,2ccn-pwtu Development Permits,10730 - 118 AVENUE NW,53.571125,-113.505812,,,"In Progress (Major Development Permit, Discretionary Development)",proposed,2026-09-01,"To construct a new School building for the Northern Alberta Institute of Technology (NAIT Advanced Skills Centre), reference Development Permit Pre-application Meeting #632725846-001.",https://data.edmonton.ca/resource/2ccn-pwtu.json?city_file_number=639177329-002,Blatchford,DP application in progress,
615671213-002,2ccn-pwtu Development Permits,10809 - 111 AVENUE NW,53.558551,-113.507494,,,"Approved (Major Development Permit, Discretionary Development)",approved,2026-02-05,To construct a Residential building (Multi-unit Housing building with 247 Dwellings) with an underground parkade.,https://data.edmonton.ca/resource/2ccn-pwtu.json?city_file_number=615671213-002,Blatchford,"DP approved 2026-02-05, no building permit yet",247
582144501-002,2ccn-pwtu Development Permits,11110 - 108 STREET NW,53.559515,-113.507391,,,"Approved (Major Development Permit, Discretionary Development)",approved,2025-09-08,"To construct 2 Residential buildings (Multi-unit Housing with a total of 181 Dwellings), each with an underground parkade.",https://data.edmonton.ca/resource/2ccn-pwtu.json?city_file_number=582144501-002,Blatchford,"DP approved 2025-09-08, no building permit yet",181
470899771-002,2ccn-pwtu Development Permits,11204 - 119 STREET NW,53.560966,-113.527489,,,"Approved (Major Development Permit, Discretionary Development)",stalled,2023-05-26,"To construct an Addition (mezzanine level), Exterior (new windows) and Interior Alterations to an Animal Hospital and Shelter building.",https://data.edmonton.ca/resource/2ccn-pwtu.json?city_file_number=470899771-002,Blatchford,"DP approved 2023-05-26, no building permit since (> 3 y)",
641333923-002,2ccn-pwtu Development Permits,11255 - 116 STREET NW,53.562153,-113.520005,,,"Approved (Major Development Permit, Permitted Development)",approved,2026-07-23,"To construct a Community Service building, Prince Rupert Community League.",https://data.edmonton.ca/resource/2ccn-pwtu.json?city_file_number=641333923-002,Blatchford,"DP approved 2026-07-23, no building permit yet",
448463730-002,2ccn-pwtu Development Permits,11314 - 119 STREET NW,53.563465,-113.527492,,,"Approved (Major Development Permit, Permitted Development)",stalled,2022-09-27,"To construct an interior addition to a General Industrial building (new second floor), and interior alterations (demising wall to create a new industrial suite)",https://data.edmonton.ca/resource/2ccn-pwtu.json?city_file_number=448463730-002,Blatchford,"DP approved 2022-09-27, no building permit since (> 3 y)",
636945292-002,2ccn-pwtu Development Permits,12018 - 122 STREET NW,53.574256,-113.532955,,,"Approved (Major Development Permit, Permitted Development)",approved,2025-12-23,To construct a Residential Use building in the form of an 8 Dwelling Multi-unit Housing with unenclosed porches. (Total 8 Dwellings),https://data.edmonton.ca/resource/2ccn-pwtu.json?city_file_number=636945292-002,Blatchford,"DP approved 2025-12-23, no building permit yet",
394302366-002,2ccn-pwtu Development Permits,12116 - 107 STREET NW,53.575922,-113.506574,,,"Approved (Major Development Permit, Permitted Development)",construction,2021-08-18,"To construct a Minor Impact Utility Service Use building (storage quonset, 20'x 30').",https://data.edmonton.ca/resource/2ccn-pwtu.json?city_file_number=394302366-002,Blatchford,building permit issued 2021-10-05,
424829766-002,2ccn-pwtu Development Permits,2552 - TONY CASHMAN ROAD NW,53.567759,-113.515874,,,"Approved (Major Development Permit, Discretionary Development)",construction,2023-01-16,To construct 6 buildings of Multi-unit Housing (total of 40 Dwellings),https://data.edmonton.ca/resource/2ccn-pwtu.json?city_file_number=424829766-002,Blatchford,building permit issued 2024-10-01,40
585039723-002,2ccn-pwtu Development Permits,2755 - BLATCHFORD ROAD NW,53.568047,-113.518512,,,"Approved (Major Development Permit, Discretionary Development)",approved,2025-07-18,"To construct an addition, exterior and interior alterations to a Community Service building, and construct exterior alterations to the site (Blatchford Annex).",https://data.edmonton.ca/resource/2ccn-pwtu.json?city_file_number=585039723-002,Blatchford,"DP approved 2025-07-18, no building permit yet",
385377176-002,2ccn-pwtu Development Permits,2756 - BLATCHFORD ROAD NW,53.56884,-113.518304,,,"Approved (Major Development Permit, Permitted Development)",construction,2021-05-19,"To construct a 5 Dwelling Multi-unit Housing, with front verandas (lot 29: 1.3m x 2.0m, lot 28: 1.9m x 1.3m, Lot 27: 1.9m x 1.3m, lot 26: 2.3m x 1.3m, lot 26: 2.0m x 1.3m)",https://data.edmonton.ca/resource/2ccn-pwtu.json?city_file_number=385377176-002,Blatchford,building permit issued 2021-08-27,
392660265-002,2ccn-pwtu Development Permits,35 - AIRPORT ROAD NW,53.567608,-113.518713,,,"Approved (Major Development Permit, Discretionary Development)",stalled,2021-12-20,To construct 25 Dwelling Multi-unit Housing,https://data.edmonton.ca/resource/2ccn-pwtu.json?city_file_number=392660265-002,Blatchford,"DP approved 2021-12-20, no building permit since (> 3 y)",25
404081612-002,2ccn-pwtu Development Permits,7066 - FANE ROAD NW,53.567809,-113.517294,,,"Approved (Major Development Permit, Discretionary Development)",stalled,2022-03-07,To construct a 15 Dwelling Multi-unit Housing (4 buildings) with underground Parkade,https://data.edmonton.ca/resource/2ccn-pwtu.json?city_file_number=404081612-002,Blatchford,"DP approved 2022-03-07, no building permit since (> 3 y)",15
438575713-002,2ccn-pwtu Development Permits,7738 - YORKE MEWS NW,53.569489,-113.519222,,,"Approved (Minor Development Permit, Permitted Development)",stalled,2022-09-22,To construct a 4 Dwelling Multi-unit Housing building with balcony(s),https://data.edmonton.ca/resource/2ccn-pwtu.json?city_file_number=438575713-002,Blatchford,"DP approved 2022-09-22, no building permit since (> 3 y)",
434868635-002,2ccn-pwtu Development Permits,7746 - YORKE MEWS NW,53.569299,-113.519583,,,"Approved (Minor Development Permit, Permitted Development)",stalled,2022-09-22,To construct a 4 Dwelling Multi-unit Housing building with balcony(s).,https://data.edmonton.ca/resource/2ccn-pwtu.json?city_file_number=434868635-002,Blatchford,"DP approved 2022-09-22, no building permit since (> 3 y)",
489316030-002,2ccn-pwtu Development Permits,8603 - FLYING CLUB ROAD NW,53.57083,-113.522296,,,"Approved (Major Development Permit, Permitted Development)",approved,2024-02-29,To construct an Emergency Services Use building (Blatchford Fire Station #8).,https://data.edmonton.ca/resource/2ccn-pwtu.json?city_file_number=489316030-002,Blatchford,"DP approved 2024-02-29, no building permit yet",
656660182-002,2ccn-pwtu Development Permits,11841 - 83 STREET NW,53.571681,-113.468587,5,,"In Progress (Major Development Permit, Not Available)",proposed,,To construct a residential use building in the form of a 5-Storey 48-Dwelling Multi-Unit Housing with underground parkade.,https://data.edmonton.ca/resource/2ccn-pwtu.json?city_file_number=656660182-002,Exhibition Lands,DP application in progress,
543426469-002,2ccn-pwtu Development Permits,11507 - 71 STREET NW,53.567937,-113.449177,3,,"Approved (Major Development Permit, Permitted Development)",approved,2026-02-02,"To revise DP#431489035-002, including the removal of the existing portable classrooms, the construction of a three storey School building and Community Service Use building (new community center), and exterior alterations to the School site (two new loading stalls, new landscaping and pathways - AL-MUSTAFA ACADEMY).",https://data.edmonton.ca/resource/2ccn-pwtu.json?city_file_number=543426469-002,Exhibition Lands,"DP approved 2026-02-02, no building permit yet",
633752709-002,2ccn-pwtu Development Permits,11806 - 83 STREET NW,53.570686,-113.469579,3,,"Approved (Major Development Permit, Permitted Development)",approved,2026-06-05,To construct a Residential Use building in the form of a 3 Storey 23 Dwelling Multi-Unit Housing.,https://data.edmonton.ca/resource/2ccn-pwtu.json?city_file_number=633752709-002,Exhibition Lands,"DP approved 2026-06-05, no building permit yet",23
667062870-002,2ccn-pwtu Development Permits,11906 - 76 STREET NW,53.572196,-113.458459,3,,"In Progress (Major Development Permit, Not Available)",proposed,,"To construct 2 Residential Use buildings in the form of 3-Storey, 8 Dwelling Multi-Unit Housing. Total Dwellings: 16",https://data.edmonton.ca/resource/2ccn-pwtu.json?city_file_number=667062870-002,Exhibition Lands,DP application in progress,
671117413-002,2ccn-pwtu Development Permits,12121 - 82 STREET NW,53.575861,-113.466814,3,,"In Progress (Major Development Permit, Not Available)",proposed,,To construct a Residential Use building in the form of a 3-Storey 8 Dwelling Multi-unit Housing with unenclosed front porches and balconies.,https://data.edmonton.ca/resource/2ccn-pwtu.json?city_file_number=671117413-002,Exhibition Lands,DP application in progress,
611848030-002,2ccn-pwtu Development Permits,11220 - 78 STREET NW,53.560928,-113.462018,,,"Other (Major Development Permit, Discretionary Development)",unknown,2026-01-13,To construct a Residential building (58 Dwellings of Multi-unit Housing) with an underground parkade.,https://data.edmonton.ca/resource/2ccn-pwtu.json?city_file_number=611848030-002,Exhibition Lands,"DP status 'Other' (withdrawn, cancelled or expired; portal does not say which)",58
516938279-002,2ccn-pwtu Development Permits,11226 - 82 STREET NW,53.561437,-113.467829,,,"Approved (Major Development Permit, Discretionary Development)",construction,2025-03-25,To construct a multi-use commercial building (CRU 1: Food and Drink Service with Drive Through Services; CRU 2-3: Indoor Sales and Service).,https://data.edmonton.ca/resource/2ccn-pwtu.json?city_file_number=516938279-002,Exhibition Lands,building permit issued 2026-05-20,
376743184-002,2ccn-pwtu Development Permits,11246 - 82 STREET NW,53.561986,-113.467892,,,"Approved (Major Development Permit, Permitted Development)",stalled,2021-02-24,To construct a 332m2 addition to an existing commercial use building (Health Services).,https://data.edmonton.ca/resource/2ccn-pwtu.json?city_file_number=376743184-002,Exhibition Lands,"DP approved 2021-02-24, no building permit since (> 3 y)",
520979226-002,2ccn-pwtu Development Permits,11403 - 82 STREET NW,53.564456,-113.466801,,,"Approved (Major Development Permit, Discretionary Development)",approved,2024-12-17,To construct a Residential Use development in the form of 2 Supportive Housing Buildings with 12 Sleeping Units each. Total Sleeping Units will be 24.,https://data.edmonton.ca/resource/2ccn-pwtu.json?city_file_number=520979226-002,Exhibition Lands,"DP approved 2024-12-17, no building permit yet",
381366998-002,2ccn-pwtu Development Permits,11405 - 82 STREET NW,53.564457,-113.466802,,,"Other (Major Development Permit, Discretionary Development)",unknown,2021-03-15,To construct two 12 Sleeping Unit Lodging House(s),https://data.edmonton.ca/resource/2ccn-pwtu.json?city_file_number=381366998-002,Exhibition Lands,"DP status 'Other' (withdrawn, cancelled or expired; portal does not say which)",
534066839-002,2ccn-pwtu Development Permits,11503 - 82 STREET NW,53.565977,-113.466797,,,"Approved (Major Development Permit, Permitted Development)",approved,2025-04-16,To construct a Residential Use building in the form of a 12 Sleeping Unit Supportive House.,https://data.edmonton.ca/resource/2ccn-pwtu.json?city_file_number=534066839-002,Exhibition Lands,"DP approved 2025-04-16, no building permit yet",
534810153-002,2ccn-pwtu Development Permits,11507 - 82 STREET NW,53.566112,-113.466806,,,"Approved (Major Development Permit, Permitted Development)",approved,2025-04-16,To construct a Residential Use building in the form of a 12 Sleeping Unit Supportive House.,https://data.edmonton.ca/resource/2ccn-pwtu.json?city_file_number=534810153-002,Exhibition Lands,"DP approved 2025-04-16, no building permit yet",
670114983-002,2ccn-pwtu Development Permits,11640 - 80 STREET NW,53.56864,-113.464458,,,"In Progress (Major Development Permit, Not Available)",proposed,,"To construct a Residential Use building in the form of a Multi-unit Housing. Total of 23 Dwellings.  [2 filings at this address: 475171207-002, 670114983-002]",https://data.edmonton.ca/resource/2ccn-pwtu.json?city_file_number=670114983-002,Exhibition Lands,DP application in progress,23
640652677-002,2ccn-pwtu Development Permits,11723 - 80 STREET NW,53.569657,-113.463605,,,"In Progress (Major Development Permit, Not Available)",proposed,,To construct a Residential Use building in the form of 6 Dwelling Multi-unit Housing,https://data.edmonton.ca/resource/2ccn-pwtu.json?city_file_number=640652677-002,Exhibition Lands,DP application in progress,
437316194-002,2ccn-pwtu Development Permits,11823 - 83 STREET NW,53.571098,-113.468587,,,"Approved (Minor Development Permit, Permitted Development)",stalled,2022-08-02,To develop an Urban Garden with Accessory Building (chicken coop and run).,https://data.edmonton.ca/resource/2ccn-pwtu.json?city_file_number=437316194-002,Exhibition Lands,"DP approved 2022-08-02, no building permit since (> 3 y)",
441400979-002,2ccn-pwtu Development Permits,11919 - WAYNE GRETZKY DRIVE NW,53.572653,-113.451738,,,"Other (Major Development Permit, Discretionary Development)",unknown,2022-10-20,"To construct an addition to a Business Support Services building and construct exterior alterations to the site (new access, landscaping and parking layout).",https://data.edmonton.ca/resource/2ccn-pwtu.json?city_file_number=441400979-002,Exhibition Lands,"DP status 'Other' (withdrawn, cancelled or expired; portal does not say which)",
503647558-002,2ccn-pwtu Development Permits,11935 - WAYNE GRETZKY DRIVE NW,53.57293,-113.451736,,,"Approved (Major Development Permit, Permitted Development)",approved,2025-06-05,To construct exterior and interior alterations to an Indoor Sales and Service building (Facade Improvements to the entire building; new overhead doors and wall openings on the west and south Facades; Parking Lot Reconfiguration with Landscaping),https://data.edmonton.ca/resource/2ccn-pwtu.json?city_file_number=503647558-002,Exhibition Lands,"DP approved 2025-06-05, no building permit yet",
501252383-002,2ccn-pwtu Development Permits,12022 - 77 STREET NW,53.574292,-113.459951,,,"Approved (Major Development Permit, Permitted Development)",construction,2024-12-20,To construct a Residential Use in the form of a 8 Dwelling Multi-unit House with unenclosed front porch.,https://data.edmonton.ca/resource/2ccn-pwtu.json?city_file_number=501252383-002,Exhibition Lands,building permit issued 2026-03-12,
390378244-002,2ccn-pwtu Development Permits,7020 - 118 AVENUE NW,53.57055,-113.450231,,,"Other (Major Development Permit, Discretionary Development)",unknown,2021-12-20,To construct a 8 Dwelling Multi-unit Housing (apartment) building,https://data.edmonton.ca/resource/2ccn-pwtu.json?city_file_number=390378244-002,Exhibition Lands,"DP status 'Other' (withdrawn, cancelled or expired; portal does not say which)",
561311280-002,2ccn-pwtu Development Permits,7300 - 116 AVENUE NW,53.566863,-113.457174,,,"Approved (Major Development Permit, Discretionary Development)",approved,2025-05-16,To develop an Urban Agriculture Use.,https://data.edmonton.ca/resource/2ccn-pwtu.json?city_file_number=561311280-002,Exhibition Lands,"DP approved 2025-05-16, no building permit yet",
408768280-002,2ccn-pwtu Development Permits,8003 - 120 AVENUE NW,53.573374,-113.464191,,,"Approved (Minor Development Permit, Discretionary Development)",stalled,2022-01-24,To construct a 4 Dwelling Multi-unit Housing building,https://data.edmonton.ca/resource/2ccn-pwtu.json?city_file_number=408768280-002,Exhibition Lands,"DP approved 2022-01-24, no building permit since (> 3 y)",
390304139-002,2ccn-pwtu Development Permits,8118 - 118 AVENUE NW,53.571258,-113.466185,,,"Approved (Major Development Permit, Discretionary Development)",stalled,2021-04-16,"To construct exterior and interior alterations to a General Retail Store building (includes changes to parking lot, adding a new door on west elevation, rebrand from Safeways to Freshco).",https://data.edmonton.ca/resource/2ccn-pwtu.json?city_file_number=390304139-002,Exhibition Lands,"DP approved 2021-04-16, no building permit since (> 3 y)",
298214168-149,2ccn-pwtu Development Permits,8331 - 93 AVENUE NW,53.526508,-113.456588,12,,"In Progress (Major Development Permit, Not Available)",construction,,"To construct alterations to a Residential (Multi-unit Housing) development; building 3 is reduced from 6 Storeys down to 4, and the number of Dwellings is reduced from 200 to 132; building 4 is reduced from 12 Storeys down to 4, and the number of Dwellings is reduced from 133 to 35; Convenience Retail Use will remain on a portion of the main floor of building 4.",https://data.edmonton.ca/resource/2ccn-pwtu.json?city_file_number=298214168-149,Other,building permit issued 2024-06-12,
298214168-098,2ccn-pwtu Development Permits,9109 - 85 STREET NW,53.526508,-113.456588,12,,"Approved (Major Development Permit, Permitted Development)",construction,2024-02-29,"To revise the Height and number of Dwellings to a Residential (Multi-unit Housing) building - building 2 is reduced from 12 Storeys down to 6, and the number of Dwelling is reduced from 143 to 84.",https://data.edmonton.ca/resource/2ccn-pwtu.json?city_file_number=298214168-098,Other,building permit issued 2024-06-12,
667167170-002,2ccn-pwtu Development Permits,11440 - 94 STREET NW,53.565517,-113.486111,6,,"In Progress (Major Development Permit, Not Available)",proposed,,"To construct a mixed-use building - main floor Health Service and Indoor Sales and Service Uses, with Residential on floors 2-6 (50 Dwellings of Multi-unit Housing).",https://data.edmonton.ca/resource/2ccn-pwtu.json?city_file_number=667167170-002,Other,DP application in progress,50
587263725-002,2ccn-pwtu Development Permits,11444 - 94 STREET NW,53.565618,-113.486114,6,,"Approved (Major Development Permit, Permitted Development)",approved,2025-08-07,"To construct a mixed-use building - main floor Health Service (clinic) and Indoor Sales and Service (pharmacy), with Residential on floors 2-6 (36 Dwellings of Multi-unit Housing).",https://data.edmonton.ca/resource/2ccn-pwtu.json?city_file_number=587263725-002,Other,"DP approved 2025-08-07, no building permit yet",36
631349970-002,2ccn-pwtu Development Permits,8021 - 71 STREET NW,53.516469,-113.435415,6,,"Approved (Major Development Permit, Permitted Development)",construction,2026-05-14,"To construct a Residential Use development in the form of Cluster Housing of two 6-Storey Multi-unit Housing buildings with 215 Dwellings each (total of 430 Dwellings), with an underground Parkade, and Surface Parking Lot.",https://data.edmonton.ca/resource/2ccn-pwtu.json?city_file_number=631349970-002,Other,building permit issued 2026-06-10,430
426956004-002,2ccn-pwtu Development Permits,10830 - 114 STREET NW,53.554062,-113.518164,4,,"Approved (Major Development Permit, Discretionary Development)",stalled,2022-06-30,To construct a 4-Storey 43 Dwelling Multi-unit Housing (apartment) building.,https://data.edmonton.ca/resource/2ccn-pwtu.json?city_file_number=426956004-002,Other,"DP approved 2022-06-30, no building permit since (> 3 y)",43
611828062-002,2ccn-pwtu Development Permits,10831 - 107 STREET NW,53.554275,-113.504228,4,,"Approved (Major Development Permit, Permitted Development)",approved,2026-01-22,"To construct a 4 storey mixed use building with 30 Multi-unit Housing Dwellings on the 2nd - 4th floor, with Child Care Service (for up to 69 children) and Indoor Sales and Services spaces on the main floor. And to demolish the existing Residential buildings.",https://data.edmonton.ca/resource/2ccn-pwtu.json?city_file_number=611828062-002,Other,"DP approved 2026-01-22, no building permit yet",
477410769-002,2ccn-pwtu Development Permits,11827 - 97 STREET NW,53.571177,-113.49152,4,,"Approved (Major Development Permit, Discretionary Development)",construction,2023-10-23,To construct a mixed-use 4-Storey 30 Dwelling Multi-unit Housing (apartment) building with ground-level General Retail Stores.,https://data.edmonton.ca/resource/2ccn-pwtu.json?city_file_number=477410769-002,Other,building permit issued 2024-08-02,30
632964860-002,2ccn-pwtu Development Permits,11844 - 89 STREET NW,53.571781,-113.47846,4,,"In Progress (Major Development Permit, Not Available)",proposed,,To construct a Residential Use development in the form of a 4-Storey 23 Dwelling Multi-unit housing building.,https://data.edmonton.ca/resource/2ccn-pwtu.json?city_file_number=632964860-002,Other,DP application in progress,23
631764577-002,2ccn-pwtu Development Permits,13503 - 109 AVENUE NW,53.554141,-113.556292,4,,"Approved (Major Development Permit, Discretionary Development)",construction,2025-12-19,"To construct a Residential Use building in the form of a 4-Storey 48 Dwelling Multi-Unit Housing.  [2 filings at this address: 364569949-002, 631764577-002]",https://data.edmonton.ca/resource/2ccn-pwtu.json?city_file_number=631764577-002,Other,building permit issued 2026-03-11,48
REZ-DC-21276-240194,67p2-r285 Zoning Bylaw Map - History,"(rezoned parcel, 53.50664, -113.49390)",53.506635,-113.493896,,,rezoning adopted: DC1 (19986) -> DC,proposed,2025-09-15,Rezoned to DC (parcel ≈ 309764 m²); first on the zoning map 2025-09-15.,https://zoningbylaw.edmonton.ca/dc-21276,Other,"rezoning adopted, no DP found on the site",
REZ-CB-181678,67p2-r285 Zoning Bylaw Map - History,"(rezoned parcel, 53.50887, -113.44237)",53.508867,-113.442367,,,rezoning adopted: CG -> CB,proposed,2024-03-18,Rezoned to CB (parcel ≈ 22691 m²); first on the zoning map 2024-03-18.,https://zoningbylaw.edmonton.ca/part-2-standard-zones-and-overlays/commercial-zones/2110-cb-business-commercial-zone,Other,"rezoning adopted, no DP found on the site",
REZ-DC-21471-343095,67p2-r285 Zoning Bylaw Map - History,"(rezoned parcel, 53.51249, -113.52672)",53.512489,-113.526724,,,rezoning adopted: DC2 (1239) -> DC,proposed,2026-04-20,Rezoned to DC (parcel ≈ 5320 m²); first on the zoning map 2026-04-20.,https://zoningbylaw.edmonton.ca/dc-21471,Other,"rezoning adopted, no DP found on the site",
REZ-DC2-1230-171819,67p2-r285 Zoning Bylaw Map - History,"(rezoned parcel, 53.51420, -113.52645)",53.514202,-113.526447,,,rezoning adopted: RF1 -> DC2,proposed,2022-12-12,Rezoned to DC2 (parcel ≈ 6668 m²); first on the zoning map 2022-12-12.,https://zoningbylaw.edmonton.ca/dc2-1230,Other,"rezoning adopted, no DP found on the site",
REZ-RM-176861,67p2-r285 Zoning Bylaw Map - History,"(rezoned parcel, 53.51498, -113.51161)",53.514978,-113.511605,,23.0,rezoning adopted: RF6 -> RM h23,proposed,2024-02-19,Rezoned to RM h23 (parcel ≈ 3037 m²); first on the zoning map 2024-02-19.,https://zoningbylaw.edmonton.ca/part-2-standard-zones-and-overlays/residential-zones/240-rm-medium-scale-residential-zone,Other,"rezoning adopted, no DP found on the site",
REZ-DC-21178-239393,67p2-r285 Zoning Bylaw Map - History,"(rezoned parcel, 53.51589, -113.55209)",53.515886,-113.552085,,,rezoning adopted: RS -> DC,proposed,2025-06-16,Rezoned to DC (parcel ≈ 1263 m²); first on the zoning map 2025-06-16.,https://zoningbylaw.edmonton.ca/dc-21178,Other,"rezoning adopted, no DP found on the site",
REZ-RM-200884,67p2-r285 Zoning Bylaw Map - History,"(rezoned parcel, 53.51730, -113.46005)",53.517303,-113.46005,,23.0,rezoning adopted: RS -> RM h23,proposed,2024-11-11,Rezoned to RM h23 (parcel ≈ 1603 m²); first on the zoning map 2024-11-11.,https://zoningbylaw.edmonton.ca/part-2-standard-zones-and-overlays/residential-zones/240-rm-medium-scale-residential-zone,Other,"rezoning adopted, no DP found on the site",
REZ-RM-195707,67p2-r285 Zoning Bylaw Map - History,"(rezoned parcel, 53.51770, -113.45382)",53.517699,-113.453825,,23.0,rezoning adopted: RS -> RM h23,proposed,2024-08-26,Rezoned to RM h23 (parcel ≈ 3252 m²); first on the zoning map 2024-08-26.,https://zoningbylaw.edmonton.ca/part-2-standard-zones-and-overlays/residential-zones/240-rm-medium-scale-residential-zone,Other,"rezoning adopted, no DP found on the site",
REZ-RM-397895,67p2-r285 Zoning Bylaw Map - History,"(rezoned parcel, 53.52803, -113.48502)",53.528027,-113.485024,,28.0,rezoning adopted: RS -> RM h28,proposed,2026-06-15,Rezoned to RM h28 (parcel ≈ 4857 m²); first on the zoning map 2026-06-15.,https://zoningbylaw.edmonton.ca/part-2-standard-zones-and-overlays/residential-zones/240-rm-medium-scale-residential-zone,Other,"rezoning adopted, no DP found on the site",
REZ-DC-20757-173305,67p2-r285 Zoning Bylaw Map - History,"(rezoned parcel, 53.52841, -113.45670)",53.528408,-113.456701,,,rezoning adopted: DC2 (1001) -> DC,proposed,2024-02-26,Rezoned to DC (parcel ≈ 70542 m²); first on the zoning map 2024-02-26.,https://zoningbylaw.edmonton.ca/dc-20757,Other,"rezoning adopted, no DP found on the site",
REZ-RM-304695,67p2-r285 Zoning Bylaw Map - History,"(rezoned parcel, 53.52889, -113.53119)",53.528894,-113.531189,,23.0,rezoning adopted: RS -> RM h23,proposed,2025-10-06,Rezoned to RM h23 (parcel ≈ 4677 m²); first on the zoning map 2025-10-06.,https://zoningbylaw.edmonton.ca/part-2-standard-zones-and-overlays/residential-zones/240-rm-medium-scale-residential-zone,Other,"rezoning adopted, no DP found on the site",
REZ-RL-379095,67p2-r285 Zoning Bylaw Map - History,"(rezoned parcel, 53.54159, -113.53733)",53.541591,-113.537329,,65.0,rezoning adopted: DC2 (689) -> RL h65,proposed,2026-05-04,Rezoned to RL h65 (parcel ≈ 3442 m²); first on the zoning map 2026-05-04.,https://zoningbylaw.edmonton.ca/part-2-standard-zones-and-overlays/residential-zones/250-rl-large-scale-residential-zone,Other,"rezoning adopted, no DP found on the site",
REZ-RM-204184,67p2-r285 Zoning Bylaw Map - History,"(rezoned parcel, 53.54167, -113.44684)",53.541668,-113.446839,,23.0,rezoning adopted: DC2 -> RM h23,proposed,2024-10-07,Rezoned to RM h23 (parcel ≈ 6311 m²); first on the zoning map 2024-10-07.,https://zoningbylaw.edmonton.ca/part-2-standard-zones-and-overlays/residential-zones/240-rm-medium-scale-residential-zone,Other,"rezoning adopted, no DP found on the site",
REZ-RL-262396,67p2-r285 Zoning Bylaw Map - History,"(rezoned parcel, 53.54224, -113.53322)",53.542242,-113.53322,,65.0,rezoning adopted: DC2 (1203) -> RL h65,proposed,2025-06-23,Rezoned to RL h65 (parcel ≈ 13843 m²); first on the zoning map 2025-06-23.,https://zoningbylaw.edmonton.ca/part-2-standard-zones-and-overlays/residential-zones/250-rl-large-scale-residential-zone,Other,"rezoning adopted, no DP found on the site",
REZ-MU-263107,67p2-r285 Zoning Bylaw Map - History,"(rezoned parcel, 53.54277, -113.53768)",53.542772,-113.537677,,75.0,rezoning adopted: DC2 (84) -> MU h75 f7.5 cf,proposed,2025-06-23,Rezoned to MU h75 f7.5 cf (parcel ≈ 5076 m²); first on the zoning map 2025-06-23.,https://zoningbylaw.edmonton.ca/part-2-standard-zones-and-overlays/mixed-use-zones/280-mu-mixed-use-zone,Other,"rezoning adopted, no DP found on the site",
REZ-MU-267495,67p2-r285 Zoning Bylaw Map - History,"(rezoned parcel, 53.54283, -113.53634)",53.542829,-113.53634,,28.0,rezoning adopted: DC2 (160) -> MU h28 f4 cf,proposed,2025-06-30,Rezoned to MU h28 f4 cf (parcel ≈ 3013 m²); first on the zoning map 2025-06-30.,https://zoningbylaw.edmonton.ca/part-2-standard-zones-and-overlays/mixed-use-zones/280-mu-mixed-use-zone,Other,"rezoning adopted, no DP found on the site",
REZ-DC2-1235-171895,67p2-r285 Zoning Bylaw Map - History,"(rezoned parcel, 53.54431, -113.55273)",53.544315,-113.552733,,,rezoning adopted: RF1 -> DC2,proposed,2023-03-20,Rezoned to DC2 (parcel ≈ 1799 m²); first on the zoning map 2023-03-20.,https://zoningbylaw.edmonton.ca/dc2-1235,Other,"rezoning adopted, no DP found on the site",
REZ-RL-177268,67p2-r285 Zoning Bylaw Map - History,"(rezoned parcel, 53.54435, -113.53456)",53.544351,-113.534558,,65.0,rezoning adopted: DC1 (17595) -> RL h65,proposed,2024-02-26,Rezoned to RL h65 (parcel ≈ 7725 m²); first on the zoning map 2024-02-26.,https://zoningbylaw.edmonton.ca/part-2-standard-zones-and-overlays/residential-zones/250-rl-large-scale-residential-zone,Other,"rezoning adopted, no DP found on the site",
REZ-RM-263098,67p2-r285 Zoning Bylaw Map - History,"(rezoned parcel, 53.54547, -113.53412)",53.545468,-113.53412,,28.0,rezoning adopted: DC (20880) -> RM h28,proposed,2025-06-23,Rezoned to RM h28 (parcel ≈ 31064 m²); first on the zoning map 2025-06-23.,https://zoningbylaw.edmonton.ca/part-2-standard-zones-and-overlays/residential-zones/240-rm-medium-scale-residential-zone,Other,"rezoning adopted, no DP found on the site",
REZ-DC2-1194-171862,67p2-r285 Zoning Bylaw Map - History,"(rezoned parcel, 53.54556, -113.53702)",53.545559,-113.537022,,,rezoning adopted: RF3 -> DC2,proposed,2022-03-14,Rezoned to DC2 (parcel ≈ 2824 m²); first on the zoning map 2022-03-14.,https://zoningbylaw.edmonton.ca/dc2-1194,Other,"rezoning adopted, no DP found on the site",
REZ-MU-262404,67p2-r285 Zoning Bylaw Map - History,"(rezoned parcel, 53.54760, -113.53722)",53.547596,-113.537222,,85.0,rezoning adopted: RM/RS -> MU h85 f11,proposed,2025-06-23,Rezoned to MU h85 f11 (parcel ≈ 2416 m²); first on the zoning map 2025-06-23.,https://zoningbylaw.edmonton.ca/part-2-standard-zones-and-overlays/mixed-use-zones/280-mu-mixed-use-zone,Other,"rezoning adopted, no DP found on the site",
REZ-DC-21128-273495,67p2-r285 Zoning Bylaw Map - History,"(rezoned parcel, 53.54790, -113.53166)",53.547899,-113.531659,,,rezoning adopted: DC1 (19312) -> DC,proposed,2025-09-08,Rezoned to DC (parcel ≈ 38840 m²); first on the zoning map 2025-09-08.,https://zoningbylaw.edmonton.ca/dc-21128,Other,"rezoning adopted, no DP found on the site",
REZ-MU-263106,67p2-r285 Zoning Bylaw Map - History,"(rezoned parcel, 53.54795, -113.53372)",53.547951,-113.533724,,50.0,rezoning adopted: DC1 (19312) -> MU h50 f7,proposed,2025-06-23,Rezoned to MU h50 f7 (parcel ≈ 39246 m²); first on the zoning map 2025-06-23.,https://zoningbylaw.edmonton.ca/part-2-standard-zones-and-overlays/mixed-use-zones/280-mu-mixed-use-zone,Other,"rezoning adopted, no DP found on the site",
REZ-MU-272834,67p2-r285 Zoning Bylaw Map - History,"(rezoned parcel, 53.54843, -113.53545)",53.548428,-113.535454,,85.0,rezoning adopted: MU -> MU h85 f11 cf,proposed,2024-10-28,Rezoned to MU h85 f11 cf (parcel ≈ 5951 m²); first on the zoning map 2024-10-28.,https://zoningbylaw.edmonton.ca/part-2-standard-zones-and-overlays/mixed-use-zones/280-mu-mixed-use-zone,Other,"rezoning adopted, no DP found on the site",
REZ-RM-265497,67p2-r285 Zoning Bylaw Map - History,"(rezoned parcel, 53.55070, -113.53812)",53.550702,-113.538117,,23.0,rezoning adopted: RS -> RM h23,proposed,2025-06-30,Rezoned to RM h23 (parcel ≈ 17572 m²); first on the zoning map 2025-06-30.,https://zoningbylaw.edmonton.ca/part-2-standard-zones-and-overlays/residential-zones/240-rm-medium-scale-residential-zone,Other,"rezoning adopted, no DP found on the site",
REZ-RM-377896,67p2-r285 Zoning Bylaw Map - History,"(rezoned parcel, 53.55096, -113.47548)",53.550962,-113.47548,,23.0,rezoning adopted: DC2 (1121) -> RM h23,proposed,2026-04-27,Rezoned to RM h23 (parcel ≈ 1864 m²); first on the zoning map 2026-04-27.,https://zoningbylaw.edmonton.ca/part-2-standard-zones-and-overlays/residential-zones/240-rm-medium-scale-residential-zone,Other,"rezoning adopted, no DP found on the site",
REZ-RM-262401,67p2-r285 Zoning Bylaw Map - History,"(rezoned parcel, 53.55245, -113.53525)",53.552448,-113.535245,,23.0,rezoning adopted: MU -> RM h23,proposed,2025-06-23,Rezoned to RM h23 (parcel ≈ 1168 m²); first on the zoning map 2025-06-23.,https://zoningbylaw.edmonton.ca/part-2-standard-zones-and-overlays/residential-zones/240-rm-medium-scale-residential-zone,Other,"rezoning adopted, no DP found on the site",
REZ-DC2-1215-171887,67p2-r285 Zoning Bylaw Map - History,"(rezoned parcel, 53.55436, -113.47994)",53.55436,-113.479945,,,rezoning adopted: RA7 -> DC2,proposed,2022-06-27,Rezoned to DC2 (parcel ≈ 745 m²); first on the zoning map 2022-06-27.,https://zoningbylaw.edmonton.ca/dc2-1215,Other,"rezoning adopted, no DP found on the site",
REZ-DC-20974-206983,67p2-r285 Zoning Bylaw Map - History,"(rezoned parcel, 53.55606, -113.48572)",53.556065,-113.485725,,,rezoning adopted: DC1 -> DC,proposed,2024-11-11,Rezoned to DC (parcel ≈ 1528 m²); first on the zoning map 2024-11-11.,https://zoningbylaw.edmonton.ca/dc-20974,Other,"rezoning adopted, no DP found on the site",
REZ-MU-263100,67p2-r285 Zoning Bylaw Map - History,"(rezoned parcel, 53.55652, -113.53592)",53.556517,-113.535916,,28.0,rezoning adopted: RM -> MU h28 f4,proposed,2025-06-23,Rezoned to MU h28 f4 (parcel ≈ 46151 m²); first on the zoning map 2025-06-23.,https://zoningbylaw.edmonton.ca/part-2-standard-zones-and-overlays/mixed-use-zones/280-mu-mixed-use-zone,Other,"rezoning adopted, no DP found on the site",
REZ-MU-177029,67p2-r285 Zoning Bylaw Map - History,"(rezoned parcel, 53.55740, -113.49463)",53.557401,-113.49463,,75.0,rezoning adopted: MU -> MU h75 f7 cf,proposed,2024-03-18,Rezoned to MU h75 f7 cf (parcel ≈ 8745 m²); first on the zoning map 2024-03-18.,https://zoningbylaw.edmonton.ca/part-2-standard-zones-and-overlays/mixed-use-zones/280-mu-mixed-use-zone,Other,"rezoning adopted, no DP found on the site",
REZ-RM-387895,67p2-r285 Zoning Bylaw Map - History,"(rezoned parcel, 53.55772, -113.50429)",53.557724,-113.504295,,23.0,rezoning adopted: RS -> RM h23,proposed,2026-06-01,Rezoned to RM h23 (parcel ≈ 2760 m²); first on the zoning map 2026-06-01.,https://zoningbylaw.edmonton.ca/part-2-standard-zones-and-overlays/residential-zones/240-rm-medium-scale-residential-zone,Other,"rezoning adopted, no DP found on the site",
REZ-DC1-16602-223016,67p2-r285 Zoning Bylaw Map - History,"(rezoned parcel, 53.55777, -113.48998)",53.557767,-113.48998,,,rezoning adopted: DC -> DC1,proposed,2024-10-28,Rezoned to DC1 (parcel ≈ 508 m²); first on the zoning map 2024-10-28.,https://zoningbylaw.edmonton.ca/dc1-16602,Other,"rezoning adopted, no DP found on the site",
REZ-MU-353501,67p2-r285 Zoning Bylaw Map - History,"(rezoned parcel, 53.55804, -113.49417)",53.558045,-113.494174,,75.0,rezoning adopted: DC2 (1086) -> MU h75 f7 cf,proposed,2026-02-16,Rezoned to MU h75 f7 cf (parcel ≈ 4137 m²); first on the zoning map 2026-02-16.,https://zoningbylaw.edmonton.ca/part-2-standard-zones-and-overlays/mixed-use-zones/280-mu-mixed-use-zone,Other,"rezoning adopted, no DP found on the site",
REZ-UI-167637,67p2-r285 Zoning Bylaw Map - History,"(rezoned parcel, 53.56076, -113.44578)",53.560762,-113.445783,,,rezoning adopted: DC2 (649) -> UI,proposed,2021-06-14,Rezoned to UI (parcel ≈ 76795 m²); first on the zoning map 2021-06-14.,https://zoningbylaw.edmonton.ca/part-2-standard-zones-and-overlays/open-space-and-urban-services-zones/2210-ui-urban-institution,Other,"rezoning adopted, no DP found on the site",
REZ-UI-350695,67p2-r285 Zoning Bylaw Map - History,"(rezoned parcel, 53.56095, -113.44775)",53.560947,-113.447746,,,rezoning adopted: PS -> UI,proposed,2025-06-30,Rezoned to UI (parcel ≈ 1194 m²); first on the zoning map 2025-06-30.,https://zoningbylaw.edmonton.ca/part-2-standard-zones-and-overlays/open-space-and-urban-services-zones/2210-ui-urban-institution,Other,"rezoning adopted, no DP found on the site",
REZ-RM-201791,67p2-r285 Zoning Bylaw Map - History,"(rezoned parcel, 53.56125, -113.44539)",53.561253,-113.445388,,28.0,rezoning adopted: UF -> RM h28,proposed,2024-09-16,Rezoned to RM h28 (parcel ≈ 10402 m²); first on the zoning map 2024-09-16.,https://zoningbylaw.edmonton.ca/part-2-standard-zones-and-overlays/residential-zones/240-rm-medium-scale-residential-zone,Other,"rezoning adopted, no DP found on the site",
REZ-DC1-20167-167481,67p2-r285 Zoning Bylaw Map - History,"(rezoned parcel, 53.56344, -113.43359)",53.56344,-113.433586,,,rezoning adopted: RF1 -> DC1,proposed,2023-07-03,Rezoned to DC1 (parcel ≈ 5322 m²); first on the zoning map 2023-07-03.,https://zoningbylaw.edmonton.ca/dc1-20167,Other,"rezoning adopted, no DP found on the site",
REZ-DC1-19888-167467,67p2-r285 Zoning Bylaw Map - History,"(rezoned parcel, 53.56502, -113.48830)",53.565023,-113.488302,,,rezoning adopted: RF3 -> DC1,proposed,2021-11-29,Rezoned to DC1 (parcel ≈ 660 m²); first on the zoning map 2021-11-29.,https://zoningbylaw.edmonton.ca/dc1-19888,Other,"rezoning adopted, no DP found on the site",
REZ-MU-418295,67p2-r285 Zoning Bylaw Map - History,"(rezoned parcel, 53.56636, -113.54415)",53.566355,-113.54415,,23.0,rezoning adopted: RS -> MU h23 f3.8,proposed,2026-09-07,Rezoned to MU h23 f3.8 (parcel ≈ 2669 m²); first on the zoning map 2026-09-07.,https://zoningbylaw.edmonton.ca/part-2-standard-zones-and-overlays/mixed-use-zones/280-mu-mixed-use-zone,Other,"rezoning adopted, no DP found on the site",
REZ-DC-21136-231794,67p2-r285 Zoning Bylaw Map - History,"(rezoned parcel, 53.56705, -113.55500)",53.56705,-113.555004,,,rezoning adopted: CN/RS -> DC,proposed,2025-06-16,Rezoned to DC (parcel ≈ 977 m²); first on the zoning map 2025-06-16.,https://zoningbylaw.edmonton.ca/dc-21136,Other,"rezoning adopted, no DP found on the site",
REZ-DC2-1248-171921,67p2-r285 Zoning Bylaw Map - History,"(rezoned parcel, 53.57327, -113.43430)",53.573268,-113.434305,,,rezoning adopted: CNC -> DC2,proposed,2024-02-19,Rezoned to DC2 (parcel ≈ 491 m²); first on the zoning map 2024-02-19.,https://zoningbylaw.edmonton.ca/dc2-1248,Other,"rezoning adopted, no DP found on the site",
REZ-RM-200482,67p2-r285 Zoning Bylaw Map - History,"(rezoned parcel, 53.57475, -113.44257)",53.574754,-113.442569,,23.0,rezoning adopted: DC2 -> RM h23,proposed,2024-08-26,Rezoned to RM h23 (parcel ≈ 4456 m²); first on the zoning map 2024-08-26.,https://zoningbylaw.edmonton.ca/part-2-standard-zones-and-overlays/residential-zones/240-rm-medium-scale-residential-zone,Other,"rezoning adopted, no DP found on the site",
386685114-002,2ccn-pwtu Development Permits,10150 - 97 AVENUE NW,53.534401,-113.495185,,,"Approved (Major Development Permit, Discretionary Development)",stalled,2021-05-06,"To construct an addition (increase the roof Height of the second floor by 2.4 meters) to accommodate additional office space in an existing Professional, Financial, and Office Support Services Use building for the purposes of expanding the second floor; and to construct exterior and interior alterations. (TC Family Law Group)",https://data.edmonton.ca/resource/2ccn-pwtu.json?city_file_number=386685114-002,Other,"DP approved 2021-05-06, no building permit since (> 3 y)",
354412737-017,2ccn-pwtu Development Permits,10520 - 110 STREET NW,53.548512,-113.510801,,,"Approved (Major Development Permit, Discretionary Development)",stalled,2021-03-29,"To amend the uses on the main floor of approved Mixed Commercial Uses building (change locations of General Retail Sales and Professional, Financial, and Office Support Services, and change the use of part of the approved General Retail Sales to Restaurants [65 sq.m. public space]), amend the uses of the 2nd floor of the same (change locations of approved Professional, Financial, and Office Support Services and Apartment (Multi-unit) Housing) and reduce the number of Dwellings from 9 to 6, and construct exterior and interior alterations. (Ref.: DP 354412737-004)",https://data.edmonton.ca/resource/2ccn-pwtu.json?city_file_number=354412737-017,Other,"DP approved 2021-03-29, no building permit since (> 3 y)",
534018328-002,2ccn-pwtu Development Permits,10603 - 108 AVENUE NW,53.55282,-113.503445,,,"Approved (Major Development Permit, Permitted Development)",approved,2025-06-25,To construct a 20 Dwelling Residential Use building in the form of a Multi-unit Housing.,https://data.edmonton.ca/resource/2ccn-pwtu.json?city_file_number=534018328-002,Other,"DP approved 2025-06-25, no building permit yet",20
385979979-002,2ccn-pwtu Development Permits,10609 - 101 STREET NW,53.550073,-113.493308,,,"Approved (Major Development Permit, Discretionary Development)",stalled,2021-03-25,"To construct exterior and interior alterations to an existing Mixed Use building (creating an internal waste storage area, a roof top balcony, interior amenity area, adding bicycle storage, replacing dwelling windows, and adding gate at the residential entrance).",https://data.edmonton.ca/resource/2ccn-pwtu.json?city_file_number=385979979-002,Other,"DP approved 2021-03-25, no building permit since (> 3 y)",
645586546-002,2ccn-pwtu Development Permits,10615 - 130 STREET NW,53.549957,-113.545754,,,"Approved (Major Development Permit, Permitted Development)",approved,2026-04-24,"To construct a Residential Use building in the form of a Multi-unit Housing. Total of 8 Dwellings.  [2 filings at this address: 629761922-002, 645586546-002]",https://data.edmonton.ca/resource/2ccn-pwtu.json?city_file_number=645586546-002,Other,"DP approved 2026-04-24, no building permit yet",
671184182-002,2ccn-pwtu Development Permits,10709 - 111 AVENUE NW,53.558551,-113.505309,,,"In Progress (Major Development Permit, Not Available)",proposed,,To construct a Residential Use building in the form of a Multi-unit Housing. Total of 41 Dwellings.,https://data.edmonton.ca/resource/2ccn-pwtu.json?city_file_number=671184182-002,Other,DP application in progress,41
600048362-002,2ccn-pwtu Development Permits,10725 - 104 STREET NW,53.552162,-113.498711,,,"Approved (Major Development Permit, Permitted Development)",approved,2026-02-26,"To construct 2 Residential (Multi-unit Housing) buildings, each with 12 Dwellings (24 Dwellings total).",https://data.edmonton.ca/resource/2ccn-pwtu.json?city_file_number=600048362-002,Other,"DP approved 2026-02-26, no building permit yet",24
514129880-002,2ccn-pwtu Development Permits,10740 - 110 STREET NW,53.552614,-113.510802,,,"Approved (Major Development Permit, Discretionary Development)",approved,2024-07-10,"To add 1 Dwelling to an existing Residential Use building in the form of a Multi-unit Housing (total 23 Dwellings) and to construct interior alterations, existing without permits.",https://data.edmonton.ca/resource/2ccn-pwtu.json?city_file_number=514129880-002,Other,"DP approved 2024-07-10, no building permit yet",23
642789793-002,2ccn-pwtu Development Permits,10742 - 106 STREET NW,53.552684,-113.503445,,,"Approved (Major Development Permit, Discretionary Development)",approved,2026-05-15,To convert a Residential Use Building in the form of a Multi-unit Housing into a Child Care Service for up to 59 children and to construct exterior alterations (Outdoor Play Area and Surface Parking Lot).,https://data.edmonton.ca/resource/2ccn-pwtu.json?city_file_number=642789793-002,Other,"DP approved 2026-05-15, no building permit yet",
536354563-002,2ccn-pwtu Development Permits,10823 - 107 STREET NW,53.553862,-113.504228,,,"Approved (Major Development Permit, Discretionary Development)",construction,2025-06-10,To construct a Residential Use building in the form of 8 Dwellings of Multi-unit Housing,https://data.edmonton.ca/resource/2ccn-pwtu.json?city_file_number=536354563-002,Other,building permit issued 2025-12-08,
544047714-002,2ccn-pwtu Development Permits,10906 - 69 AVENUE NW,53.505895,-113.512606,,,"Approved (Major Development Permit, Permitted Development)",approved,2025-10-06,To construct a 64 Dwelling Residential Use building in the form of a Multi-unit Housing with an underground Parkade.,https://data.edmonton.ca/resource/2ccn-pwtu.json?city_file_number=544047714-002,Other,"DP approved 2025-10-06, no building permit yet",64
388089551-002,2ccn-pwtu Development Permits,10930 - 98 STREET NW,53.556751,-113.493151,,,"Approved (Major Development Permit, Discretionary Development)",stalled,2022-01-31,To construct a 7 Dwelling Multi-unit Housing mixed use building with Personal Service Shops on the main floor and basement.,https://data.edmonton.ca/resource/2ccn-pwtu.json?city_file_number=388089551-002,Other,"DP approved 2022-01-31, no building permit since (> 3 y)",
528808199-002,2ccn-pwtu Development Permits,10935 - 83 STREET NW,53.557447,-113.468569,,,"Approved (Major Development Permit, Discretionary Development)",approved,2024-09-27,"To add 1 Dwelling to an existing Residential Use building in the form of a Multi-unit Housing (total 23 Dwellings) and to construct interior alterations, existing without permits.",https://data.edmonton.ca/resource/2ccn-pwtu.json?city_file_number=528808199-002,Other,"DP approved 2024-09-27, no building permit yet",23
505495938-002,2ccn-pwtu Development Permits,10969 - 95 STREET NW,53.557942,-113.485387,,,"Approved (Major Development Permit, Not Available)",approved,2025-04-24,To construct a mixed use development including Indoor Sales and Service on the main floor and a dwelling unit on the 2nd floor.,https://data.edmonton.ca/resource/2ccn-pwtu.json?city_file_number=505495938-002,Other,"DP approved 2025-04-24, no building permit yet",
384064741-002,2ccn-pwtu Development Permits,11009 - 109A AVENUE NW,53.555312,-113.511675,,,"Approved (Major Development Permit, Discretionary Development)",construction,2021-03-08,"To add 9 Dwellings to a Multi-unit Housing (apartment) building (total 120 Dwellings), and to construct interior and exterior alterations (revise site and landscape plan).",https://data.edmonton.ca/resource/2ccn-pwtu.json?city_file_number=384064741-002,Other,building permit issued 2021-04-09,120
519947437-002,2ccn-pwtu Development Permits,11035 - 92 STREET NW,53.559836,-113.481642,,,"Approved (Major Development Permit, Discretionary Development)",approved,2024-10-17,"To construct a Residential building (Supportive Housing building with 33 Dwellings), and to demolish an existing building and accessory buildings.",https://data.edmonton.ca/resource/2ccn-pwtu.json?city_file_number=519947437-002,Other,"DP approved 2024-10-17, no building permit yet",33
671636225-002,2ccn-pwtu Development Permits,11038 - 126 STREET NW,53.558588,-113.539967,,,"In Progress (Major Development Permit, Not Available)",proposed,,To construct two Residential Use buildings in the form of 8 Dwelling Multi-Unit Housing. Total Dwellings: 16.,https://data.edmonton.ca/resource/2ccn-pwtu.json?city_file_number=671636225-002,Other,DP application in progress,
387616597-002,2ccn-pwtu Development Permits,11045 - 130 STREET NW,53.558586,-113.545754,,,"Approved (Major Development Permit, Permitted Development)",construction,2021-04-26,To construct a 54 Dwelling Multi-unit Housing building.,https://data.edmonton.ca/resource/2ccn-pwtu.json?city_file_number=387616597-002,Other,building permit issued 2021-05-21,54
442632664-002,2ccn-pwtu Development Permits,11115 - 123 STREET NW,53.559562,-113.533667,,,"Approved (Major Development Permit, Discretionary Development)",stalled,2023-01-24,To construct a Multi-unit Housing building with 46 Dwellings.,https://data.edmonton.ca/resource/2ccn-pwtu.json?city_file_number=442632664-002,Other,"DP approved 2023-01-24, no building permit since (> 3 y)",46
564135410-002,2ccn-pwtu Development Permits,11120 - 73 STREET NW,53.561936,-113.449094,,,"Approved (Major Development Permit, Discretionary Development)",approved,2025-04-28,To construct a Residential building - Lodging House with 135 Sleeping Units (bedrooms) and up to 200 residents: Concordia Student Dormitory.,https://data.edmonton.ca/resource/2ccn-pwtu.json?city_file_number=564135410-002,Other,"DP approved 2025-04-28, no building permit yet",
489131013-002,2ccn-pwtu Development Permits,11162 - 97 STREET NW,53.560811,-113.492362,,,"Approved (Major Development Permit, Discretionary Development)",construction,2024-02-01,To construct a Residential building (20 Dwelling Multi-unit Housing building).,https://data.edmonton.ca/resource/2ccn-pwtu.json?city_file_number=489131013-002,Other,building permit issued 2026-04-09,20
518432646-002,2ccn-pwtu Development Permits,11206 - 101 STREET NW,53.561233,-113.494246,,,"Approved (Major Development Permit, Discretionary Development)",approved,2024-12-06,To construct a 36 Dwelling Residential Use building in the form of a Multi-unit Housing.,https://data.edmonton.ca/resource/2ccn-pwtu.json?city_file_number=518432646-002,Other,"DP approved 2024-12-06, no building permit yet",36
387617207-002,2ccn-pwtu Development Permits,11209 - 124 STREET NW,53.560738,-113.535413,,,"Approved (Major Development Permit, Permitted Development)",construction,2021-04-21,To construct a 30 Dwelling Multi-unit Housing building (Inglewood Site).,https://data.edmonton.ca/resource/2ccn-pwtu.json?city_file_number=387617207-002,Other,building permit issued 2021-05-06,30
584340440-002,2ccn-pwtu Development Permits,11229 - 95 STREET NW,53.561797,-113.486709,,,"Approved (Major Development Permit, Permitted Development)",approved,2025-10-29,To construct a Residential Use building in the form of a 22 Dwelling Multi-unit House.,https://data.edmonton.ca/resource/2ccn-pwtu.json?city_file_number=584340440-002,Other,"DP approved 2025-10-29, no building permit yet",22
667347550-002,2ccn-pwtu Development Permits,11238 - 109 AVENUE NW,53.554953,-113.514968,,,"In Progress (Major Development Permit, Not Available)",proposed,,To construct a mixed use building with Indoor Sales and Service on the ground floor and 2 Dwellings on the second Storey.,https://data.edmonton.ca/resource/2ccn-pwtu.json?city_file_number=667347550-002,Other,DP application in progress,
617663556-002,2ccn-pwtu Development Permits,11249 - 76 AVENUE NW,53.511978,-113.522508,,,"Approved (Minor Development Permit, Permitted Development)",approved,2026-01-13,To construct a Residential Use building (Multi-unit Housing building with 6 Dwellings).,https://data.edmonton.ca/resource/2ccn-pwtu.json?city_file_number=617663556-002,Other,"DP approved 2026-01-13, no building permit yet",
582704683-002,2ccn-pwtu Development Permits,11334 - 90 STREET NW,53.563788,-113.480098,,,"Approved (Major Development Permit, Permitted Development)",approved,2025-06-16,To construct a Residential Use building in the form of a Multi-unit Housing (total of 4 Dwellings).,https://data.edmonton.ca/resource/2ccn-pwtu.json?city_file_number=582704683-002,Other,"DP approved 2025-06-16, no building permit yet",
496271886-002,2ccn-pwtu Development Permits,11407 - 109 AVENUE NW,53.554339,-113.518163,,,"Approved (Major Development Permit, Permitted Development)",approved,2024-09-04,"To construct a Residential Use building in the form of a 42 Dwelling Multi-unit Housing with an underground parkade and Ground Floor Food and Drink Service, and Indoor Sales and Services.",https://data.edmonton.ca/resource/2ccn-pwtu.json?city_file_number=496271886-002,Other,"DP approved 2024-09-04, no building permit yet",42
670027830-002,2ccn-pwtu Development Permits,11416 - 71 AVENUE NW,53.508004,-113.526469,,,"In Progress (Major Development Permit, Not Available)",proposed,,"To construct a Residential building (35 Dwellings of Multi-unit Housing).  [2 filings at this address: 476319131-002, 670027830-002]",https://data.edmonton.ca/resource/2ccn-pwtu.json?city_file_number=670027830-002,Other,DP application in progress,35
495106151-002,2ccn-pwtu Development Permits,11425 - 124 STREET NW,53.564529,-113.535421,,,"Approved (Major Development Permit, Discretionary Development)",construction,2024-04-19,To construct a Residential Use building in the form of a 6 Dwelling Multi-unit Housing with Ground Floor Health Service and Indoor Sales and Service Use.,https://data.edmonton.ca/resource/2ccn-pwtu.json?city_file_number=495106151-002,Other,building permit issued 2025-06-23,
392111925-002,2ccn-pwtu Development Permits,11425 - ST ALBERT TRAIL NW,53.564187,-113.54349,,,"Approved (Major Development Permit, Discretionary Development)",construction,2021-09-21,To construct 101 Dwelling Multi-unit Housing building (area c),https://data.edmonton.ca/resource/2ccn-pwtu.json?city_file_number=392111925-002,Other,building permit issued 2022-07-21,101
507602345-002,2ccn-pwtu Development Permits,11445 - 135 STREET NW,53.56474,-113.554111,,,"Approved (Major Development Permit, Permitted Development)",approved,2024-06-17,"To construct exterior and interior alterations to a Residential Use building (window changes and main floor renovations), to add Indoor Sales and Service Use on the main floor, and to construct an Accessory building (shed 3.9m x 3.0m).",https://data.edmonton.ca/resource/2ccn-pwtu.json?city_file_number=507602345-002,Other,"DP approved 2024-06-17, no building permit yet",
519508002-002,2ccn-pwtu Development Permits,11451 - 139 STREET NW,53.564541,-113.558106,,,"Approved (Major Development Permit, Discretionary Development)",construction,2025-03-06,To construct a 69 Dwelling Residential Use building in the form of a Multi-unit Housing with an underground Parkade (Brentwood Phase 1 - Building W2).,https://data.edmonton.ca/resource/2ccn-pwtu.json?city_file_number=519508002-002,Other,building permit issued 2025-05-26,69
637151280-002,2ccn-pwtu Development Permits,11544 - 80 AVENUE NW,53.516559,-113.531034,,,"Approved (Major Development Permit, Permitted Development)",approved,2026-03-06,To construct a Residential Use building in the form of a Cluster Housing with 2 Multi-unit Housings (total of 8 Dwellings).,https://data.edmonton.ca/resource/2ccn-pwtu.json?city_file_number=637151280-002,Other,"DP approved 2026-03-06, no building permit yet",
671675694-002,2ccn-pwtu Development Permits,11548 - 97 STREET NW,53.567176,-113.492425,,,"In Progress (Major Development Permit, Not Available)",proposed,,To construct a Residential building (9 Dwelling Multi-unit Housing building).,https://data.edmonton.ca/resource/2ccn-pwtu.json?city_file_number=671675694-002,Other,DP application in progress,
608234883-002,2ccn-pwtu Development Permits,11616 - 97 STREET NW,53.567879,-113.492433,,,"Approved (Major Development Permit, Permitted Development)",approved,2026-01-26,To construct a Residential Use building in the form of a 35 Dwelling Multi-unit Housing building.,https://data.edmonton.ca/resource/2ccn-pwtu.json?city_file_number=608234883-002,Other,"DP approved 2026-01-26, no building permit yet",35
626725129-002,2ccn-pwtu Development Permits,11765 - 129 STREET NW,53.570001,-113.544067,,,"Approved (Major Development Permit, Permitted Development)",approved,2026-05-25,"To construct a Residential building (80 Dwellings of Multi-unit Housing), with an underground parkade.",https://data.edmonton.ca/resource/2ccn-pwtu.json?city_file_number=626725129-002,Other,"DP approved 2026-05-25, no building permit yet",80
610648740-002,2ccn-pwtu Development Permits,11839 - 124 STREET NW,53.571762,-113.535422,,,"Approved (Minor Development Permit, Permitted Development)",approved,2026-03-10,To construct a Residential Use building in the form of an 8 Dwelling Multi-unit Housing with unenclosed front porches.,https://data.edmonton.ca/resource/2ccn-pwtu.json?city_file_number=610648740-002,Other,"DP approved 2026-03-10, no building permit yet",
478047032-002,2ccn-pwtu Development Permits,11913 - 101 STREET NW,53.572395,-113.493208,,,"Approved (Major Development Permit, Discretionary Development)",construction,2024-03-13,To Construct a Residential Use building in the form of an 8 Dwelling Multi-unit Housing building,https://data.edmonton.ca/resource/2ccn-pwtu.json?city_file_number=478047032-002,Other,building permit issued 2025-06-02,
580311880-002,2ccn-pwtu Development Permits,11925 - 70 STREET NW,53.572744,-113.448726,,,"Approved (Major Development Permit, Permitted Development)",approved,2026-02-04,To construct a Residential Use building in the form of a 15 Dwelling Multi-unit House.,https://data.edmonton.ca/resource/2ccn-pwtu.json?city_file_number=580311880-002,Other,"DP approved 2026-02-04, no building permit yet",15
505021115-002,2ccn-pwtu Development Permits,11935 - 65 STREET NW,53.572771,-113.440967,,,"Approved (Major Development Permit, Permitted Development)",construction,2024-09-11,To construct a Residential Use building in the form of a Supportive Housing with 36 Sleeping Units.,https://data.edmonton.ca/resource/2ccn-pwtu.json?city_file_number=505021115-002,Other,building permit issued 2025-01-09,
637703700-002,2ccn-pwtu Development Permits,12039 - 123 STREET NW,53.57494,-113.533698,,,"Approved (Major Development Permit, Permitted Development)",approved,2026-04-16,To construct a Residential Use building in the form of an 8 Dwelling Multi-unit Housing building with unenclosed porches. (Total 8 Dwellings),https://data.edmonton.ca/resource/2ccn-pwtu.json?city_file_number=637703700-002,Other,"DP approved 2026-04-16, no building permit yet",
639461078-002,2ccn-pwtu Development Permits,12045 - 104 AVENUE NW,53.546024,-113.530183,,,"Approved (Major Development Permit, Discretionary Development)",approved,2026-03-30,"To add 1 Dwelling to an existing Residential Use building in the form of a Multi-unit Housing, and to construct interior alterations.",https://data.edmonton.ca/resource/2ccn-pwtu.json?city_file_number=639461078-002,Other,"DP approved 2026-03-30, no building permit yet",
618710887-002,2ccn-pwtu Development Permits,12329 - 77 STREET NW,53.579126,-113.459516,,,"Approved (Major Development Permit, Permitted Development)",approved,2025-10-17,To construct a Residential Use building in the form of a 5 Dwelling Multi-unit Housing.,https://data.edmonton.ca/resource/2ccn-pwtu.json?city_file_number=618710887-002,Other,"DP approved 2025-10-17, no building permit yet",
618809657-002,2ccn-pwtu Development Permits,12331 - 77 STREET NW,53.579225,-113.459516,,,"Approved (Major Development Permit, Permitted Development)",approved,2026-01-20,To construct a Residential Use building in the form of a 5 Dwelling Multi-unit Housing.,https://data.edmonton.ca/resource/2ccn-pwtu.json?city_file_number=618809657-002,Other,"DP approved 2026-01-20, no building permit yet",
651608872-002,2ccn-pwtu Development Permits,12339 - 90 STREET NW,53.579524,-113.479168,,,"Approved (Major Development Permit, Permitted Development)",approved,2026-07-22,To construct a Residential Use building the form of a 3 Dwelling Multi-unit Housing with an unenclosed front porch and a front balcony.,https://data.edmonton.ca/resource/2ccn-pwtu.json?city_file_number=651608872-002,Other,"DP approved 2026-07-22, no building permit yet",
633069372-002,2ccn-pwtu Development Permits,12346 - 129 STREET NW,53.57992,-113.545024,,,In Progress (Minor Development Permit),proposed,,"To construct a Residential Use building in the form of a 8 Dwelling Multi-unit Housing building  [2 filings at this address: 639495351-002, 633069372-002]",https://data.edmonton.ca/resource/2ccn-pwtu.json?city_file_number=633069372-002,Other,DP application in progress,
656951382-002,2ccn-pwtu Development Permits,12503 - 122 AVENUE NW,53.576524,-113.538225,,,"Approved (Major Development Permit, Permitted Development)",approved,2026-07-23,To construct a Residential Use building in the form of an 8 Dwelling Multi-unit House with unenclosed porches. (Total of 8 Dwellings).,https://data.edmonton.ca/resource/2ccn-pwtu.json?city_file_number=656951382-002,Other,"DP approved 2026-07-23, no building permit yet",
607736193-002,2ccn-pwtu Development Permits,12824 - 121 AVENUE NW,53.574615,-113.544066,,,"Approved (Major Development Permit, Permitted Development)",approved,2026-09-08,"To construct a Residential Use building in the form of a 9 Dwelling Multi-unit Housing building (not to be used as a Lodging House), and an Accessory building (bicycle parking structure, 5.2 m x 4.0m).",https://data.edmonton.ca/resource/2ccn-pwtu.json?city_file_number=607736193-002,Other,"DP approved 2026-09-08, no building permit yet",
651675521-002,2ccn-pwtu Development Permits,13820 - 114 AVENUE NW,53.564555,-113.558192,,,"Approved (Major Development Permit, Discretionary Development)",approved,2026-07-20,"To construct 2 Residential (Multi-unit Housing) building (building W1 has 77 Dwellings and building W3 has 83 Dwellings: total of 160 Dwellings proposed) with a common underground parkade, and to demolish 8 existing Residential buildings (with a total of 37 Dwellings).",https://data.edmonton.ca/resource/2ccn-pwtu.json?city_file_number=651675521-002,Other,"DP approved 2026-07-20, no building permit yet",160
548482280-002,2ccn-pwtu Development Permits,560 - BELVEDERE WAY NW,53.584628,-113.440532,,,"Approved (Major Development Permit, Discretionary Development)",construction,2025-04-01,"To construct 2 Residential Use buildings (total of 149 Dwellings of Supportive Housing), with an underground parkade.",https://data.edmonton.ca/resource/2ccn-pwtu.json?city_file_number=548482280-002,Other,building permit issued 2025-12-10,149
649150108-002,2ccn-pwtu Development Permits,6805 - 82 AVENUE NW,53.517393,-113.433012,,,"Approved (Major Development Permit, Permitted Development)",approved,2026-03-10,To Expand an Accessory Residential Use (Single Dwelling in the form of an Apartment) within an Indoor Self Storage (Caretaker Residence for an Indoor Self Storage Use) and To Construct Interior Alterations,https://data.edmonton.ca/resource/2ccn-pwtu.json?city_file_number=649150108-002,Other,"DP approved 2026-03-10, no building permit yet",
645120126-002,2ccn-pwtu Development Permits,7207 - 81 AVENUE NW,53.516781,-113.438874,,,"Approved (Major Development Permit, Permitted Development)",construction,2026-02-05,To construct a Residential Use building in the form of an 8 Dwelling Multi-Unit Housing with unenclosed front porches.,https://data.edmonton.ca/resource/2ccn-pwtu.json?city_file_number=645120126-002,Other,building permit issued 2026-08-04,
650366608-002,2ccn-pwtu Development Permits,7404 - 108 STREET NW,53.510637,-113.509653,,,"In Progress (Major Development Permit, Permitted Development)",proposed,,"To add 3 Dwellings to an existing Residential Use building in the form of a Multi-unit Housing, and to construct interior and exterior alterations (Total 7 Dwellings) (NOT to be used as a Lodging House).",https://data.edmonton.ca/resource/2ccn-pwtu.json?city_file_number=650366608-002,Other,DP application in progress,
605301622-002,2ccn-pwtu Development Permits,7416 - 81 AVENUE NW,53.517316,-113.442105,,,"Approved (Major Development Permit, Discretionary Development)",approved,2025-09-17,"To add 4 Dwellings to an existing Residential Use building in the form of a Multi-unit Housing development (total of 8 Dwellings), and to construct interior and exterior alterations.",https://data.edmonton.ca/resource/2ccn-pwtu.json?city_file_number=605301622-002,Other,"DP approved 2025-09-17, no building permit yet",
576778424-002,2ccn-pwtu Development Permits,7429 - 88 AVENUE NW,53.52317,-113.442638,,,"Approved (Major Development Permit, Permitted Development)",approved,2026-07-31,To construct a mixed-use building including Childcare Services for up to 49 children and 7 Dwellings.,https://data.edmonton.ca/resource/2ccn-pwtu.json?city_file_number=576778424-002,Other,"DP approved 2026-07-31, no building permit yet",
524567633-002,2ccn-pwtu Development Permits,7521 - 114 STREET NW,53.511976,-113.525247,,,"Approved (Major Development Permit, Permitted Development)",approved,2025-03-24,To construct a Residential building (80 Dwelling Multi-unit Housing building with an underground Parkade).,https://data.edmonton.ca/resource/2ccn-pwtu.json?city_file_number=524567633-002,Other,"DP approved 2025-03-24, no building permit yet",80
490680234-002,2ccn-pwtu Development Permits,7713 - 101 AVENUE NW,53.54094,-113.446884,,,"Approved (Major Development Permit, Permitted Development)",approved,2024-02-16,To construct a Residential Use building in the form of a 9 Dwelling Multi-unit Housing,https://data.edmonton.ca/resource/2ccn-pwtu.json?city_file_number=490680234-002,Other,"DP approved 2024-02-16, no building permit yet",
603890204-002,2ccn-pwtu Development Permits,7716 - 109 STREET NW,53.513489,-113.512548,,,"Approved (Major Development Permit, Discretionary Development)",approved,2025-11-18,To construct a 46 Dwelling Residential Use building in the form of a Multi-unit House with balconies and below grade Parkade.,https://data.edmonton.ca/resource/2ccn-pwtu.json?city_file_number=603890204-002,Other,"DP approved 2025-11-18, no building permit yet",46
529595543-002,2ccn-pwtu Development Permits,7749 - 82 AVENUE NW,53.517701,-113.44859,,,"Approved (Major Development Permit, Permitted Development)",approved,2025-02-13,To construct a Residential Use building in the form of 6 Dwelling Multi-unit Housing.,https://data.edmonton.ca/resource/2ccn-pwtu.json?city_file_number=529595543-002,Other,"DP approved 2025-02-13, no building permit yet",
646136358-002,2ccn-pwtu Development Permits,7830 - 109 STREET NW,53.514938,-113.512427,,,"Approved (Major Development Permit, Permitted Development)",approved,2026-06-29,To construct a Residential building (35 Dwellings of Multi-unit Housing).,https://data.edmonton.ca/resource/2ccn-pwtu.json?city_file_number=646136358-002,Other,"DP approved 2026-06-29, no building permit yet",35
571322166-002,2ccn-pwtu Development Permits,7929 - 82 AVENUE NW,53.5177,-113.450866,,,"Approved (Major Development Permit, Discretionary Development)",approved,2025-05-20,To construct 1 additional Dwelling unit in an Existing Residential Use building in the form of a Multi-unit Housing by converting 1 Dwelling to 2 Dwellings on the 3rd floor. Total number of Dwellings will be 10.,https://data.edmonton.ca/resource/2ccn-pwtu.json?city_file_number=571322166-002,Other,"DP approved 2025-05-20, no building permit yet",
387611865-002,2ccn-pwtu Development Permits,8120 - 93 STREET NW,53.517051,-113.470743,,,"Approved (Major Development Permit, Permitted Development)",construction,2021-05-04,To construct a 34 Dwelling Multi-unit Housing building (King Edward Site).,https://data.edmonton.ca/resource/2ccn-pwtu.json?city_file_number=387611865-002,Other,building permit issued 2021-05-19,34
667924501-002,2ccn-pwtu Development Permits,8139 - 77 AVENUE NW,53.512976,-113.454219,,,"In Progress (Major Development Permit, Not Available)",proposed,,To construct a Residential Use building in the form of a 6 Dwelling Multi-unit Housing.,https://data.edmonton.ca/resource/2ccn-pwtu.json?city_file_number=667924501-002,Other,DP application in progress,
411655107-002,2ccn-pwtu Development Permits,8322 - JASPER AVENUE NW,53.556168,-113.469852,,,"Approved (Major Development Permit, Discretionary Development)",stalled,2021-11-29,"To construct one additional Dwelling in an existing Multi-unit Housing (apartment) total of 6 Dwellings, existing without permits",https://data.edmonton.ca/resource/2ccn-pwtu.json?city_file_number=411655107-002,Other,"DP approved 2021-11-29, no building permit since (> 3 y)",
411454341-002,2ccn-pwtu Development Permits,8450 - 106A AVENUE NW,53.55731,-113.472797,,,"Approved (Major Development Permit, Discretionary Development)",construction,2022-03-14,To construct 2 Multi-unit Housing buildings with 229 Dwellings (STADIUM YARDS PH-2 AREA 3).,https://data.edmonton.ca/resource/2ccn-pwtu.json?city_file_number=411454341-002,Other,building permit issued 2023-02-22,229
659314513-002,2ccn-pwtu Development Permits,8502 - 92 AVENUE NW,53.526994,-113.458068,,,"In Progress (Major Development Permit, Not Available)",proposed,,To construct a Residential building (55 Dwellings of Multi-unit Housing).,https://data.edmonton.ca/resource/2ccn-pwtu.json?city_file_number=659314513-002,Other,DP application in progress,55
649443582-002,2ccn-pwtu Development Permits,8603 - 71 STREET NW,53.521435,-113.436503,,,"Approved (Major Development Permit, Permitted Development)",approved,2026-09-23,To construct a Residential Use building in the form of a 7 Dwelling Multi-unit Housing with unenclosed porches.,https://data.edmonton.ca/resource/2ccn-pwtu.json?city_file_number=649443582-002,Other,"DP approved 2026-09-23, no building permit yet",
637842160-002,2ccn-pwtu Development Permits,8706 - 83 AVENUE NW,53.519329,-113.461793,,,"Approved (Major Development Permit, Permitted Development)",approved,2026-03-25,To construct a Residential Use building in the form of an 8 Dwelling Multi-unit Housing.,https://data.edmonton.ca/resource/2ccn-pwtu.json?city_file_number=637842160-002,Other,"DP approved 2026-03-25, no building permit yet",
571780607-002,2ccn-pwtu Development Permits,8706 - 95 AVENUE NW,53.532308,-113.461649,,,"Approved (Major Development Permit, Permitted Development)",approved,2025-10-21,To construct 2 Residential buildings (Multi-unit Housing with a total of 183 Dwellings) with a common underground parkade. The east building has Indoor Sales and Service Use proposed on a portion of the main floor (this is phase 1 of the proposed site development).,https://data.edmonton.ca/resource/2ccn-pwtu.json?city_file_number=571780607-002,Other,"DP approved 2025-10-21, no building permit yet",183
394179076-002,2ccn-pwtu Development Permits,8709 - 118 STREET NW,53.523262,-113.533766,,,"Approved (Major Development Permit, Discretionary Development)",construction,2021-07-28,"To construct a Multi-unit Housing building (139 Dwellings) with General Retail Store space on a portion of the main floor, and an underground parkade.",https://data.edmonton.ca/resource/2ccn-pwtu.json?city_file_number=394179076-002,Other,building permit issued 2021-05-07,139
473877323-002,2ccn-pwtu Development Permits,8721 - 118 STREET NW,53.523965,-113.53377,,,"Approved (Major Development Permit, Permitted Development)",construction,2024-03-11,To construct a Multi-unit Housing building (169 Dwellings) with an underground parkade and to demolish the existing onsite buildings,https://data.edmonton.ca/resource/2ccn-pwtu.json?city_file_number=473877323-002,Other,building permit issued 2024-07-16,169
613211864-002,2ccn-pwtu Development Permits,8746 - 83 AVENUE NW,53.519323,-113.46375,,,"Approved (Major Development Permit, Permitted Development)",approved,2025-10-16,To construct a Residential use building in the form of 8 Dwelling Multi Unit Housing.,https://data.edmonton.ca/resource/2ccn-pwtu.json?city_file_number=613211864-002,Other,"DP approved 2025-10-16, no building permit yet",
591576227-002,2ccn-pwtu Development Permits,8820 - 92 STREET NW,53.524054,-113.468753,,,"Approved (Major Development Permit, Not Available)",approved,2025-07-23,To construct a 69 m2 addition to a mixed-use building connecting the Accessory building to the principal building and to amend the approved Landscape Plan.,https://data.edmonton.ca/resource/2ccn-pwtu.json?city_file_number=591576227-002,Other,"DP approved 2025-07-23, no building permit yet",
575136257-002,2ccn-pwtu Development Permits,8927 - 95 AVENUE NW,53.531454,-113.465376,,,"Approved (Major Development Permit, Permitted Development)",construction,2025-06-27,To construct a Residential Use building in the form of a 6 Dwelling Multi-unit Housing building,https://data.edmonton.ca/resource/2ccn-pwtu.json?city_file_number=575136257-002,Other,building permit issued 2026-03-03,
584240560-002,2ccn-pwtu Development Permits,8931 - 95 AVENUE NW,53.531454,-113.465582,,,"Approved (Major Development Permit, Permitted Development)",construction,2025-06-26,To construct a Residential Use building in the form of a 6 Dwelling Multi-unit Housing,https://data.edmonton.ca/resource/2ccn-pwtu.json?city_file_number=584240560-002,Other,building permit issued 2026-03-03,
655121212-002,2ccn-pwtu Development Permits,9108 - 127 AVENUE NW,53.50913,-113.507627,,,"In Progress (Major Development Permit, Permitted Development)",proposed,,To add a Dwelling to an existing Residential Use building in the form of a Multi-unit Housing and to construct interior alterations.,https://data.edmonton.ca/resource/2ccn-pwtu.json?city_file_number=655121212-002,Other,DP application in progress,
657830603-002,2ccn-pwtu Development Permits,9260 - 76 STREET NW,53.529212,-113.445011,,,"Approved (Major Development Permit, Permitted Development)",approved,2026-07-31,To construct a Residential Use building in the form of a 8 Dwelling Multi-unit Housing with porches and balconies.,https://data.edmonton.ca/resource/2ccn-pwtu.json?city_file_number=657830603-002,Other,"DP approved 2026-07-31, no building permit yet",
658940118-002,2ccn-pwtu Development Permits,9638 - 107A AVENUE NW,53.553276,-113.488769,,,"In Progress (Major Development Permit, Not Available)",proposed,,To add 4 Dwellings to an existing Residential Use building in the form of a Multi-unit Housing and to construct interior and exterior alterations. (Total 8 Dwellings),https://data.edmonton.ca/resource/2ccn-pwtu.json?city_file_number=658940118-002,Other,DP application in progress,
644762729-002,2ccn-pwtu Development Permits,9708 - 104 STREET NW,53.53445,-113.499773,,,"Approved (Major Development Permit, Discretionary Development)",approved,2026-07-23,To construct a Residential building (Multi-unit Housing with 118 Dwellings) with an underground parkade.,https://data.edmonton.ca/resource/2ccn-pwtu.json?city_file_number=644762729-002,Other,"DP approved 2026-07-23, no building permit yet",118
516144392-002,2ccn-pwtu Development Permits,9900 - 108A AVENUE NW,53.554553,-113.492701,,,"Approved (Major Development Permit, Discretionary Development)",approved,2026-03-19,To construct a mixed-use Residential building with 68 Dwellings of Multi-unit Housing with Ground Floor Indoor Sales and Service and Health Services.,https://data.edmonton.ca/resource/2ccn-pwtu.json?city_file_number=516144392-002,Other,"DP approved 2026-03-19, no building permit yet",68
